room_id,host_id,room_type,borough,neighborhood,reviews,overall_satisfaction,accommodates,bedrooms,price,minstay,latitude,longitude,last_modified
12286328,746673,Shared room,,Asheville,18,4.5,6,1.0,25.0,,35.579159,-82.596392,2017-03-10 19:23:59.807053
12989718,746673,Shared room,,Asheville,10,4.5,4,1.0,25.0,,35.578063,-82.596607,2017-03-10 19:23:59.804971
6765734,746673,Shared room,,Asheville,41,4.5,5,1.0,25.0,,35.57812,-82.594802,2017-03-10 19:23:59.802467
156926,746673,Shared room,,Asheville,140,4.5,6,1.0,25.0,,35.577755,-82.594996,2017-03-10 19:23:59.800131
16185806,48579050,Shared room,,Asheville,5,4.5,2,1.0,20.0,,35.48385,-82.528027,2017-03-10 19:23:59.796595
1475299,1566145,Entire home/apt,,Asheville,15,5.0,5,3.0,265.0,,35.644548,-82.526513,2017-03-10 19:20:42.169635
1223683,427027,Entire home/apt,,Asheville,42,4.5,6,1.0,265.0,,35.597682,-82.553911,2017-03-10 19:20:36.808585
3445948,3079174,Entire home/apt,,Asheville,51,4.5,4,2.0,250.0,,35.605593,-82.550065,2017-03-10 19:20:35.585806
16937982,96187307,Entire home/apt,,Asheville,0,0.0,5,2.0,275.0,,35.563114,-82.539456,2017-03-10 19:20:35.583560
6227094,32297877,Entire home/apt,,Asheville,58,5.0,4,2.0,99.0,,35.578191,-82.477126,2017-03-10 19:20:07.442441
6180513,32054468,Entire home/apt,,Asheville,15,4.5,4,2.0,219.0,,35.593379,-82.560817,2017-03-10 19:19:50.333279
6540096,16526258,Entire home/apt,,Asheville,9,5.0,6,3.0,250.0,,35.628359,-82.572178,2017-03-10 19:19:50.323668
3439245,17308817,Entire home/apt,,Asheville,54,4.5,6,3.0,245.0,,35.600612,-82.558571,2017-03-10 19:19:47.445808
2326086,2307713,Entire home/apt,,Asheville,99,5.0,4,1.0,129.0,,35.596518,-82.552328,2017-03-10 19:19:32.207458
14757919,13282355,Entire home/apt,,Asheville,1,0.0,4,1.0,118.0,,35.59793,-82.566901,2017-03-10 19:19:25.303700
1297717,614610,Entire home/apt,,Asheville,77,4.5,3,1.0,89.0,,35.622772,-82.502147,2017-03-10 19:19:23.443380
14430828,19598083,Entire home/apt,,Asheville,9,5.0,4,1.0,90.0,,35.575782,-82.578004,2017-03-10 19:19:20.873483
8813084,2044026,Entire home/apt,,Asheville,11,5.0,4,2.0,400.0,,35.604805,-82.57449,2017-03-10 19:19:12.828048
5481195,28424329,Entire home/apt,,Asheville,47,5.0,6,2.0,350.0,,35.619372,-82.550708,2017-03-10 19:19:11.783385
17305431,96187307,Entire home/apt,,Asheville,0,0.0,12,3.0,350.0,,35.5659,-82.543817,2017-03-10 19:19:11.762484
1275224,379759,Entire home/apt,,Asheville,140,5.0,4,2.0,225.0,,35.581418,-82.538249,2017-03-10 19:19:07.092315
3868452,19697970,Entire home/apt,,Formerly ETJ,81,5.0,6,3.0,225.0,,35.613092,-82.596877,2017-03-10 19:19:07.082707
6419437,28782478,Entire home/apt,,Asheville,6,5.0,6,3.0,200.0,,35.582973,-82.589448,2017-03-10 19:19:02.945139
16832848,81192738,Entire home/apt,,Asheville,0,0.0,6,2.0,200.0,,35.58136,-82.570195,2017-03-10 19:19:02.936747
14523242,35166807,Entire home/apt,,Formerly ETJ,11,5.0,6,3.0,184.0,,35.52436,-82.616609,2017-03-10 19:19:01.692572
12711954,48937991,Entire home/apt,,Formerly ETJ,0,0.0,6,4.0,195.0,,35.554349,-82.489853,2017-03-10 19:19:01.684962
10524188,28629826,Entire home/apt,,Asheville,7,5.0,4,1.0,195.0,,35.595579,-82.553836,2017-03-10 19:19:01.672403
13606248,78726475,Entire home/apt,,Asheville,15,4.5,6,2.0,185.0,,35.591726,-82.558242,2017-03-10 19:18:59.986266
16141463,9216883,Entire home/apt,,Asheville,20,5.0,8,4.0,199.0,,35.585602,-82.484984,2017-03-10 19:18:59.971939
5144212,6074062,Entire home/apt,,Asheville,147,5.0,4,0.0,185.0,,35.596607,-82.552951,2017-03-10 19:18:59.966816
17554056,42391889,Entire home/apt,,Asheville,0,0.0,4,2.0,185.0,,35.578638,-82.602752,2017-03-10 19:18:59.961449
17618702,71812166,Entire home/apt,,Asheville,0,0.0,6,3.0,150.0,,35.556498,-82.601824,2017-03-10 19:18:59.289462
15469734,3982820,Entire home/apt,,Asheville,7,5.0,8,3.0,150.0,,35.578203,-82.595826,2017-03-10 19:18:59.281465
4815479,1329460,Entire home/apt,,Asheville,0,0.0,3,1.0,175.0,,35.602649,-82.556568,2017-03-10 19:18:58.238836
817865,4295819,Entire home/apt,,Richmond Hill,24,5.0,6,2.0,160.0,,35.617139,-82.588357,2017-03-10 19:18:58.231428
12871394,7610213,Entire home/apt,,Asheville,34,5.0,4,1.0,150.0,,35.565897,-82.543071,2017-03-10 19:18:56.858436
1956037,10110069,Entire home/apt,,Asheville,81,5.0,6,2.0,150.0,,35.617676,-82.559274,2017-03-10 19:18:55.272630
9234967,48002359,Entire home/apt,,Asheville,46,5.0,4,1.0,145.0,,35.605411,-82.575243,2017-03-10 19:18:54.075361
12188215,7938475,Entire home/apt,,Asheville,27,5.0,4,1.0,150.0,,35.566201,-82.541151,2017-03-10 19:18:54.067407
14489067,45315603,Entire home/apt,,Formerly ETJ,4,5.0,3,1.0,125.0,,35.539783,-82.659253,2017-03-10 19:18:49.790600
2454666,10240937,Entire home/apt,,Asheville,88,5.0,4,2.0,140.0,,35.579427,-82.586816,2017-03-10 19:18:48.586298
5792634,30051509,Entire home/apt,,Asheville,38,5.0,5,3.0,140.0,,35.573066,-82.592665,2017-03-10 19:18:47.711927
16879450,29598359,Entire home/apt,,Asheville,2,0.0,6,3.0,130.0,,35.561665,-82.509706,2017-03-10 19:18:47.699139
2751374,1994122,Entire home/apt,,Formerly ETJ,123,5.0,4,2.0,125.0,,35.611935,-82.525221,2017-03-10 19:18:47.687119
16846899,112183018,Entire home/apt,,Asheville,2,0.0,5,1.0,125.0,,35.607948,-82.560864,2017-03-10 19:18:47.678881
6415234,19960302,Entire home/apt,,Asheville,19,5.0,2,1.0,125.0,,35.601971,-82.553823,2017-03-10 19:18:46.547144
14841361,4911428,Entire home/apt,,Asheville,12,5.0,4,2.0,125.0,,35.571975,-82.564645,2017-03-10 19:18:46.536941
16147877,27942972,Entire home/apt,,Asheville,9,5.0,4,2.0,125.0,,35.579034,-82.533316,2017-03-10 19:18:45.180050
13093999,11307909,Entire home/apt,,Formerly ETJ,13,5.0,2,0.0,109.0,,35.609148,-82.511549,2017-03-10 19:18:43.098175
1851921,1816805,Entire home/apt,,Asheville,3,5.0,2,1.0,100.0,,35.593874,-82.543274,2017-03-10 19:18:33.988097
3868910,19977236,Entire home/apt,,Asheville,142,4.5,3,1.0,120.0,,35.591573,-82.566731,2017-03-10 19:18:33.962452
15191367,64741123,Entire home/apt,,Asheville,31,5.0,2,1.0,119.0,,35.611123,-82.551064,2017-03-10 19:18:31.495056
7546626,9624164,Entire home/apt,,Formerly ETJ,32,5.0,4,2.0,115.0,,35.590452,-82.620312,2017-03-10 19:18:31.488815
436476,478398,Entire home/apt,,Asheville,161,5.0,2,1.0,119.0,,35.601824,-82.561737,2017-03-10 19:18:28.827204
13744589,63893801,Entire home/apt,,Asheville,51,5.0,4,2.0,115.0,,35.580194,-82.585144,2017-03-10 19:18:28.809569
7418991,23092470,Entire home/apt,,Asheville,149,5.0,4,0.0,117.0,,35.591402,-82.554448,2017-03-10 19:18:28.805613
6214161,2824848,Entire home/apt,,Asheville,14,5.0,4,2.0,95.0,,35.571641,-82.605396,2017-03-10 19:18:27.115037
14167740,85734110,Entire home/apt,,Asheville,6,4.5,2,1.0,85.0,,35.569215,-82.599563,2017-03-10 19:18:25.675524
11811039,2566529,Entire home/apt,,Asheville,30,5.0,4,1.0,95.0,,35.641244,-82.573081,2017-03-10 19:18:25.669085
9651170,44879974,Entire home/apt,,Asheville,37,5.0,2,1.0,99.0,,35.586153,-82.490876,2017-03-10 19:18:24.423735
12707486,44629422,Entire home/apt,,Asheville,22,4.5,2,1.0,89.0,,35.596244,-82.558778,2017-03-10 19:18:24.413200
16346568,61567533,Entire home/apt,,Asheville,4,4.0,7,3.0,99.0,,35.608028,-82.551555,2017-03-10 19:18:24.410017
17634518,119933520,Entire home/apt,,Asheville,0,0.0,3,1.0,98.0,,35.575616,-82.569758,2017-03-10 19:18:23.318017
13734324,3655003,Entire home/apt,,Asheville,13,4.5,6,1.0,90.0,,35.563876,-82.506273,2017-03-10 19:18:23.306913
7853605,2707302,Entire home/apt,,Asheville,85,5.0,2,1.0,85.0,,35.539375,-82.524904,2017-03-10 19:18:21.888521
8721288,45774017,Entire home/apt,,Formerly ETJ,63,5.0,5,2.0,100.0,,35.552577,-82.509424,2017-03-10 19:18:21.879503
7665386,40234911,Entire home/apt,,Asheville,79,4.5,4,1.0,85.0,,35.579071,-82.594233,2017-03-10 19:18:20.155400
13136198,71564543,Entire home/apt,,Asheville,37,5.0,4,1.0,89.0,,35.575056,-82.610244,2017-03-10 19:18:20.130788
8282917,12054902,Entire home/apt,,Asheville,91,5.0,2,1.0,98.0,,35.58204,-82.573301,2017-03-10 19:18:18.831735
14334104,52167435,Entire home/apt,,Asheville,11,4.5,3,1.0,89.0,,35.587523,-82.534273,2017-03-10 19:18:18.826072
9935590,14320569,Entire home/apt,,Asheville,15,5.0,2,2.0,95.0,,35.576092,-82.597774,2017-03-10 19:18:18.822924
326772,1178227,Entire home/apt,,Formerly ETJ,37,5.0,4,1.0,98.0,,35.553264,-82.491391,2017-03-10 19:18:17.300053
1578831,6618494,Entire home/apt,,Asheville,116,4.5,2,1.0,79.0,,35.606026,-82.553618,2017-03-10 19:18:15.340744
13358623,33764833,Entire home/apt,,Asheville,6,5.0,2,1.0,70.0,,35.578643,-82.540323,2017-03-10 19:18:14.140869
15820363,80125608,Entire home/apt,,Asheville,8,4.5,2,1.0,80.0,,35.595969,-82.51045,2017-03-10 19:18:14.118884
9442229,12574134,Entire home/apt,,Asheville,112,5.0,5,1.0,80.0,,35.57183,-82.592117,2017-03-10 19:18:12.489067
15886048,8625251,Entire home/apt,,Asheville,1,0.0,2,1.0,69.0,,35.580882,-82.480528,2017-03-10 19:18:12.484182
13170105,7526188,Entire home/apt,,Asheville,0,0.0,4,2.0,80.0,,35.57598,-82.607408,2017-03-10 19:18:11.588377
3319125,7657510,Entire home/apt,,Asheville,36,4.5,2,0.0,42.0,,35.591435,-82.596448,2017-03-10 19:18:08.550419
1243512,427027,Entire home/apt,,Asheville,24,5.0,16,10.0,2222.0,,35.598206,-82.552741,2017-03-10 19:18:05.994678
4907244,4898847,Entire home/apt,,Asheville,20,5.0,12,6.0,850.0,,35.599858,-82.557262,2017-03-10 19:18:04.010563
14884802,6074062,Entire home/apt,,Asheville,16,5.0,11,4.0,550.0,,35.594909,-82.555177,2017-03-10 19:18:03.456285
7366555,1575477,Entire home/apt,,Asheville,2,0.0,11,5.0,450.0,,35.626935,-82.544069,2017-03-10 19:18:01.799342
80905,427027,Entire home/apt,,Asheville,64,4.5,4,1.0,315.0,,35.597006,-82.55237,2017-03-10 19:18:01.792977
990426,427027,Entire home/apt,,Asheville,31,4.5,6,2.0,315.0,,35.5985,-82.552424,2017-03-10 19:18:00.938337
8266788,1686503,Entire home/apt,,Asheville,12,4.5,8,4.0,400.0,,35.57594,-82.544842,2017-03-10 19:18:00.934444
16937957,96187307,Entire home/apt,,Formerly ETJ,0,0.0,10,3.0,350.0,,35.610273,-82.522462,2017-03-10 19:18:00.924299
16937972,96187307,Entire home/apt,,Asheville,0,0.0,6,2.0,375.0,,35.593121,-82.55265,2017-03-10 19:18:00.914725
4226713,21935451,Entire home/apt,,Asheville,44,5.0,10,5.0,475.0,,35.617698,-82.505003,2017-03-10 19:18:00.910389
16607736,397780,Entire home/apt,,Asheville,0,0.0,3,2.0,350.0,,35.591125,-82.551422,2017-03-10 19:18:00.900679
1583423,427027,Entire home/apt,,Asheville,31,5.0,4,2.0,305.0,,35.598404,-82.552269,2017-03-10 19:18:00.024536
3984596,8260778,Entire home/apt,,Asheville,70,4.5,13,5.0,350.0,,35.574894,-82.571718,2017-03-10 19:17:59.996506
1843828,9617701,Entire home/apt,,Asheville,44,5.0,6,2.0,216.0,,35.647518,-82.530905,2017-03-10 19:17:54.277109
14672298,5704967,Entire home/apt,,Asheville,14,5.0,8,2.0,220.0,,35.591354,-82.563903,2017-03-10 19:17:54.272821
6741903,8120727,Entire home/apt,,Asheville,40,5.0,6,3.0,299.0,,35.569047,-82.595798,2017-03-10 19:17:53.595129
15358166,98016924,Entire home/apt,,Asheville,15,5.0,5,2.0,295.0,,35.596513,-82.553182,2017-03-10 19:17:53.588926
15062612,86748234,Entire home/apt,,Formerly ETJ,3,5.0,8,3.0,229.0,,35.542647,-82.513743,2017-03-10 19:17:53.585824
15282347,97256862,Entire home/apt,,Asheville,19,5.0,7,3.0,250.0,,35.611997,-82.549634,2017-03-10 19:17:53.582374
433646,1931430,Entire home/apt,,Asheville,78,4.5,6,2.0,250.0,,35.577714,-82.560942,2017-03-10 19:17:53.579453
9794899,50478143,Entire home/apt,,Asheville,12,5.0,4,1.0,205.0,,35.595199,-82.553883,2017-03-10 19:17:53.575786
16446590,427027,Entire home/apt,,Asheville,2,0.0,2,0.0,290.0,,35.597559,-82.552927,2017-03-10 19:17:53.573507
14369955,20134735,Entire home/apt,,Asheville,10,5.0,4,1.0,250.0,,35.595423,-82.552912,2017-03-10 19:17:53.570399
12266103,24707668,Entire home/apt,,Asheville,11,5.0,4,2.0,240.0,,35.60282,-82.539831,2017-03-10 19:17:53.564264
16003488,46001530,Entire home/apt,,Asheville,3,5.0,4,1.0,250.0,,35.592057,-82.556568,2017-03-10 19:17:53.562144
5333015,27580922,Entire home/apt,,Asheville,24,5.0,5,1.0,250.0,,35.566534,-82.544751,2017-03-10 19:17:53.558537
15083757,16207642,Entire home/apt,,Asheville,14,5.0,3,1.0,210.0,,35.607933,-82.560447,2017-03-10 19:17:53.553503
14487885,78726475,Entire home/apt,,Asheville,15,5.0,8,3.0,209.0,,35.592116,-82.557944,2017-03-10 19:17:53.550378
971003,5306734,Entire home/apt,,Asheville,83,5.0,4,2.0,245.0,,35.604226,-82.571537,2017-03-10 19:17:53.546953
8664712,45522770,Entire home/apt,,Asheville,48,5.0,2,1.0,250.0,,35.59969,-82.559864,2017-03-10 19:17:53.543694
13524286,32054468,Entire home/apt,,Asheville,2,0.0,4,2.0,219.0,,35.593451,-82.561492,2017-03-10 19:17:52.620955
15507809,89335658,Entire home/apt,,Asheville,4,5.0,2,2.0,225.0,,35.590912,-82.553448,2017-03-10 19:17:52.615125
5507900,28567369,Entire home/apt,,Asheville,15,5.0,5,2.0,300.0,,35.595262,-82.554166,2017-03-10 19:17:52.612124
7853266,41383768,Entire home/apt,,Asheville,13,5.0,6,3.0,225.0,,35.571253,-82.570386,2017-03-10 19:17:52.606999
15481467,9189011,Entire home/apt,,Asheville,16,5.0,4,2.0,295.0,,35.599297,-82.555995,2017-03-10 19:17:52.604613
291937,397780,Entire home/apt,,Asheville,109,5.0,2,1.0,250.0,,35.590865,-82.551427,2017-03-10 19:17:52.601787
16937975,96187307,Entire home/apt,,Asheville,0,0.0,4,1.0,275.0,,35.593818,-82.553443,2017-03-10 19:17:52.596434
17342723,15354574,Entire home/apt,,Asheville,0,0.0,10,3.0,235.0,,35.602354,-82.575816,2017-03-10 19:17:52.591283
706115,3605290,Entire home/apt,,Asheville,236,5.0,4,2.0,250.0,,35.597645,-82.556443,2017-03-10 19:17:52.587571
12069539,1253750,Entire home/apt,,Asheville,2,0.0,12,6.0,250.0,,35.566253,-82.608363,2017-03-10 19:17:52.584734
10065684,51648213,Entire home/apt,,Asheville,0,0.0,8,3.0,299.0,,35.605818,-82.543144,2017-03-10 19:17:52.578292
16587446,78507878,Entire home/apt,,Asheville,10,5.0,6,2.0,250.0,,35.595486,-82.552881,2017-03-10 19:17:52.576115
14782142,8939051,Entire home/apt,,Asheville,9,5.0,8,4.0,300.0,,35.579232,-82.544554,2017-03-10 19:17:52.573001
12625582,39878805,Entire home/apt,,Asheville,2,0.0,6,2.0,200.0,,35.583348,-82.51688,2017-03-10 19:17:51.526050
304379,1566145,Entire home/apt,,Asheville,19,5.0,4,0.0,189.0,,35.644529,-82.525859,2017-03-10 19:17:51.522994
3893957,20153731,Entire home/apt,,Asheville,11,5.0,5,3.0,195.0,,35.631442,-82.571709,2017-03-10 19:17:51.519959
4515772,17363326,Entire home/apt,,Asheville,63,5.0,3,2.0,200.0,,35.591906,-82.544881,2017-03-10 19:17:50.686268
10263107,52768352,Entire home/apt,,Asheville,4,5.0,2,1.0,199.0,,35.598714,-82.561365,2017-03-10 19:17:50.683132
5464591,28342264,Entire home/apt,,Asheville,68,5.0,4,2.0,200.0,,35.575104,-82.596862,2017-03-10 19:17:50.680502
5231708,27076457,Entire home/apt,,Asheville,41,5.0,6,3.0,200.0,,35.573429,-82.612333,2017-03-10 19:17:50.673571
2209375,2596933,Entire home/apt,,Asheville,75,4.5,6,2.0,199.0,,35.601299,-82.556343,2017-03-10 19:17:50.666558
13186091,51831860,Entire home/apt,,Asheville,22,5.0,2,1.0,200.0,,35.585715,-82.569957,2017-03-10 19:17:50.662291
10140699,7528625,Entire home/apt,,Asheville,27,4.5,6,3.0,200.0,,35.606727,-82.557165,2017-03-10 19:17:50.648538
1499885,8015116,Entire home/apt,,Asheville,166,5.0,2,0.0,192.0,,35.595395,-82.552523,2017-03-10 19:17:50.086469
632766,3148082,Entire home/apt,,Asheville,10,5.0,4,2.0,195.0,,35.604605,-82.565179,2017-03-10 19:17:50.078483
15181949,78726475,Entire home/apt,,Asheville,8,5.0,6,2.0,189.0,,35.592817,-82.559329,2017-03-10 19:17:50.076174
13731959,2600734,Entire home/apt,,Asheville,32,5.0,7,3.0,190.0,,35.586399,-82.574795,2017-03-10 19:17:50.071245
8673686,11982753,Entire home/apt,,Asheville,105,5.0,4,2.0,199.0,,35.590772,-82.558955,2017-03-10 19:17:50.068793
16722395,58608311,Entire home/apt,,Asheville,4,5.0,5,2.0,185.0,,35.590521,-82.563243,2017-03-10 19:17:50.066494
9464561,14338375,Entire home/apt,,Asheville,71,5.0,2,1.0,200.0,,35.596391,-82.552633,2017-03-10 19:17:50.062114
15192947,21014952,Entire home/apt,,Asheville,16,5.0,2,1.0,185.0,,35.581538,-82.577569,2017-03-10 19:17:50.059901
13231021,14764795,Entire home/apt,,Formerly ETJ,4,5.0,6,3.0,195.0,,35.557388,-82.491413,2017-03-10 19:17:50.056503
8265544,43536753,Entire home/apt,,Asheville,101,5.0,6,3.0,182.0,,35.541283,-82.599051,2017-03-10 19:17:50.050646
4174356,11982753,Entire home/apt,,Asheville,184,5.0,4,2.0,199.0,,35.590402,-82.558198,2017-03-10 19:17:50.044937
3655370,614610,Entire home/apt,,Asheville,8,4.5,4,2.0,159.0,,35.622599,-82.504173,2017-03-10 19:17:49.384046
4510499,14079532,Entire home/apt,,Asheville,0,0.0,4,3.0,150.0,,35.575639,-82.541495,2017-03-10 19:17:49.374131
5917606,4802724,Entire home/apt,,Asheville,0,0.0,4,2.0,150.0,,35.60987,-82.547886,2017-03-10 19:17:48.933675
12824241,21460086,Entire home/apt,,Asheville,21,5.0,5,2.0,145.0,,35.597612,-82.512063,2017-03-10 19:17:48.923268
16583758,35166807,Entire home/apt,,Formerly ETJ,0,0.0,6,3.0,150.0,,35.523378,-82.615924,2017-03-10 19:17:48.915207
8008802,3379265,Entire home/apt,,Asheville,0,0.0,6,3.0,150.0,,35.567121,-82.574458,2017-03-10 19:17:48.901106
768598,4054572,Entire home/apt,,Asheville,68,5.0,2,1.0,150.0,,35.583664,-82.578698,2017-03-10 19:17:48.895566
209068,1029919,Entire home/apt,,Asheville,50,5.0,4,1.0,150.0,,35.61856,-82.552759,2017-03-10 19:17:48.891542
16434131,107756780,Entire home/apt,,Asheville,3,5.0,4,1.0,155.0,,35.605619,-82.549081,2017-03-10 19:17:48.183643
9967584,17846163,Entire home/apt,,Asheville,7,5.0,7,3.0,150.0,,35.570575,-82.615971,2017-03-10 19:17:48.180619
6464780,33764833,Entire home/apt,,Asheville,4,5.0,5,2.0,150.0,,35.576871,-82.54171,2017-03-10 19:17:48.178329
12144656,43818498,Entire home/apt,,Formerly ETJ,22,5.0,4,2.0,175.0,,35.616627,-82.598961,2017-03-10 19:17:48.175173
13333422,75476230,Entire home/apt,,Asheville,15,5.0,3,1.0,160.0,,35.573142,-82.57685,2017-03-10 19:17:48.164802
13348419,57640272,Entire home/apt,,Asheville,18,4.5,4,1.0,145.0,,35.633765,-82.566817,2017-03-10 19:17:48.158040
15529984,68810469,Entire home/apt,,Asheville,8,5.0,4,2.0,147.0,,35.603539,-82.559839,2017-03-10 19:17:47.696713
10545022,54379432,Entire home/apt,,Asheville,42,5.0,4,2.0,150.0,,35.604232,-82.555564,2017-03-10 19:17:47.694436
14555712,90120472,Entire home/apt,,Asheville,8,4.5,4,1.0,159.0,,35.580672,-82.597499,2017-03-10 19:17:47.692391
2477628,8035294,Entire home/apt,,Asheville,103,5.0,4,2.0,150.0,,35.589389,-82.567819,2017-03-10 19:17:47.689816
7872461,2697797,Entire home/apt,,Asheville,26,5.0,6,3.0,177.0,,35.57214,-82.584516,2017-03-10 19:17:47.687055
14569354,90253112,Entire home/apt,,Asheville,20,4.5,2,2.0,150.0,,35.603552,-82.556021,2017-03-10 19:17:47.676607
16840001,112105797,Entire home/apt,,Asheville,0,0.0,4,2.0,150.0,,35.492546,-82.51787,2017-03-10 19:17:47.669331
5213038,16596642,Entire home/apt,,Asheville,135,5.0,6,2.0,180.0,,35.600648,-82.55765,2017-03-10 19:17:47.667054
13533084,25820180,Entire home/apt,,Asheville,4,5.0,5,3.0,150.0,,35.609076,-82.559392,2017-03-10 19:17:47.662234
13355384,1872084,Entire home/apt,,Asheville,34,5.0,6,2.0,159.0,,35.581846,-82.598449,2017-03-10 19:17:47.658518
943832,5107042,Entire home/apt,,Formerly ETJ,61,4.5,6,3.0,175.0,,35.611695,-82.576685,2017-03-10 19:17:47.655539
5480168,26212530,Entire home/apt,,Asheville,55,4.5,8,2.0,150.0,,35.566987,-82.526281,2017-03-10 19:17:47.652319
13308291,39722886,Entire home/apt,,Asheville,25,5.0,6,2.0,160.0,,35.609956,-82.580705,2017-03-10 19:17:46.992538
15850674,3972304,Entire home/apt,,Formerly ETJ,2,0.0,6,3.0,150.0,,35.57914,-82.62882,2017-03-10 19:17:46.990067
14826403,66452479,Entire home/apt,,Asheville,17,5.0,2,1.0,150.0,,35.637284,-82.557218,2017-03-10 19:17:46.985436
15880423,61098873,Entire home/apt,,Asheville,4,4.5,4,2.0,149.0,,35.585794,-82.58279,2017-03-10 19:17:46.979715
8443279,18376463,Entire home/apt,,Asheville,23,5.0,2,1.0,145.0,,35.61148,-82.552225,2017-03-10 19:17:46.971657
8304838,43786749,Entire home/apt,,Asheville,2,0.0,4,1.0,160.0,,35.566961,-82.540259,2017-03-10 19:17:46.963655
1687950,8921220,Entire home/apt,,Asheville,78,5.0,6,2.0,160.0,,35.604127,-82.556667,2017-03-10 19:17:46.960294
6487537,412007,Entire home/apt,,Asheville,52,5.0,6,3.0,180.0,,35.573309,-82.546443,2017-03-10 19:17:46.957560
840696,4390477,Entire home/apt,,Asheville,194,5.0,4,3.0,180.0,,35.583947,-82.561612,2017-03-10 19:17:46.953007
15008704,30016180,Entire home/apt,,Asheville,5,5.0,3,1.0,179.0,,35.567935,-82.539744,2017-03-10 19:17:46.950787
16211914,100026513,Entire home/apt,,Asheville,11,5.0,4,2.0,150.0,,35.60445,-82.544281,2017-03-10 19:17:46.940527
14076438,38060048,Entire home/apt,,Asheville,8,5.0,4,2.0,175.0,,35.586408,-82.490234,2017-03-10 19:17:46.937731
8624659,42676282,Entire home/apt,,Asheville,79,5.0,4,0.0,180.0,,35.594969,-82.554253,2017-03-10 19:17:46.934639
1709215,9018202,Entire home/apt,,Asheville,44,5.0,4,1.0,175.0,,35.605796,-82.546564,2017-03-10 19:17:45.976824
13017092,71845182,Entire home/apt,,Asheville,24,5.0,4,2.0,175.0,,35.607955,-82.544436,2017-03-10 19:17:45.973897
2843256,2939506,Entire home/apt,,Asheville,88,5.0,7,3.0,155.0,,35.5703,-82.573238,2017-03-10 19:17:45.968391
11167742,58101581,Entire home/apt,,Asheville,51,5.0,5,2.0,154.0,,35.589969,-82.563135,2017-03-10 19:17:45.966216
3506747,17654471,Entire home/apt,,Asheville,117,5.0,2,1.0,160.0,,35.595632,-82.550692,2017-03-10 19:17:45.954288
3522134,17736312,Entire home/apt,,Asheville,84,5.0,6,3.0,145.0,,35.585008,-82.608279,2017-03-10 19:17:45.951694
15678874,4264433,Entire home/apt,,Asheville,3,5.0,4,2.0,150.0,,35.572248,-82.576402,2017-03-10 19:17:45.947201
11686204,8164438,Entire home/apt,,Asheville,45,5.0,5,2.0,158.0,,35.602399,-82.557529,2017-03-10 19:17:45.944132
16603497,8051732,Entire home/apt,,Asheville,3,5.0,2,1.0,165.0,,35.59341,-82.537553,2017-03-10 19:17:45.941986
16793633,5761783,Entire home/apt,,Asheville,1,0.0,2,1.0,179.0,,35.600247,-82.554286,2017-03-10 19:17:45.939698
11839089,57405998,Entire home/apt,,Asheville,35,5.0,6,3.0,175.0,,35.582606,-82.607902,2017-03-10 19:17:45.936517
11388248,40784975,Entire home/apt,,Asheville,37,5.0,4,2.0,175.0,,35.594629,-82.538666,2017-03-10 19:17:45.931525
11773647,58867576,Entire home/apt,,Asheville,53,5.0,3,0.0,180.0,,35.608085,-82.550869,2017-03-10 19:17:45.929014
14808639,56193529,Entire home/apt,,Asheville,0,0.0,4,2.0,175.0,,35.572977,-82.60941,2017-03-10 19:17:45.926095
15160749,9209422,Entire home/apt,,Asheville,29,5.0,4,2.0,160.0,,35.580572,-82.597227,2017-03-10 19:17:45.920904
2067304,10573695,Entire home/apt,,Asheville,18,4.5,4,2.0,130.0,,35.607528,-82.566178,2017-03-10 19:17:44.444003
13074207,9017645,Entire home/apt,,Asheville,7,3.5,2,1.0,130.0,,35.620983,-82.561184,2017-03-10 19:17:44.438270
6056098,31430181,Entire home/apt,,Formerly ETJ,36,5.0,3,1.0,125.0,,35.627164,-82.508691,2017-03-10 19:17:44.434529
6706665,2323665,Entire home/apt,,Asheville,8,4.5,4,2.0,125.0,,35.57675,-82.592782,2017-03-10 19:17:44.427013
7757846,7657510,Entire home/apt,,Formerly ETJ,24,4.5,5,2.0,129.0,,35.593588,-82.594282,2017-03-10 19:17:43.722251
597424,335286,Entire home/apt,,Asheville,102,4.5,6,2.0,140.0,,35.553849,-82.626679,2017-03-10 19:17:43.715229
3968877,11584674,Entire home/apt,,Asheville,34,5.0,3,0.0,125.0,,35.628805,-82.573228,2017-03-10 19:17:43.711064
6713809,4868960,Entire home/apt,,Asheville,2,0.0,4,1.0,130.0,,35.625965,-82.552009,2017-03-10 19:17:43.708939
11906863,48618586,Entire home/apt,,Asheville,3,4.5,2,1.0,139.0,,35.576954,-82.53494,2017-03-10 19:17:43.693793
4362574,21655755,Entire home/apt,,Formerly ETJ,24,5.0,2,1.0,130.0,,35.589084,-82.620748,2017-03-10 19:17:43.690491
6913630,30982884,Entire home/apt,,Asheville,119,5.0,4,1.0,125.0,,35.603775,-82.560323,2017-03-10 19:17:42.931373
17095670,46001530,Entire home/apt,,Asheville,4,5.0,4,1.0,140.0,,35.594068,-82.557406,2017-03-10 19:17:42.929333
13426466,76545940,Entire home/apt,,Asheville,8,5.0,2,0.0,125.0,,35.600982,-82.561726,2017-03-10 19:17:42.927123
14052114,2553058,Entire home/apt,,Asheville,12,5.0,4,2.0,139.0,,35.580499,-82.605982,2017-03-10 19:17:42.923060
9444204,48943838,Entire home/apt,,Asheville,42,4.5,2,1.0,125.0,,35.604613,-82.558352,2017-03-10 19:17:42.920432
638349,2799158,Entire home/apt,,Asheville,8,4.5,4,2.0,122.0,,35.583234,-82.592065,2017-03-10 19:17:42.912210
15345095,53338225,Entire home/apt,,Asheville,12,5.0,4,1.0,135.0,,35.605063,-82.564184,2017-03-10 19:17:42.909061
13726994,62524346,Entire home/apt,,Asheville,2,0.0,2,1.0,125.0,,35.605667,-82.552073,2017-03-10 19:17:42.901978
10545839,1766838,Entire home/apt,,Formerly ETJ,38,5.0,4,1.0,139.0,,35.598488,-82.59293,2017-03-10 19:17:42.898594
10307715,53036499,Entire home/apt,,Asheville,2,0.0,2,1.0,125.0,,35.592792,-82.543286,2017-03-10 19:17:42.889624
11475492,60384320,Entire home/apt,,Asheville,10,5.0,2,1.0,125.0,,35.60048,-82.540967,2017-03-10 19:17:41.554613
15874312,714507,Entire home/apt,,Formerly ETJ,1,0.0,5,3.0,125.0,,35.593919,-82.589628,2017-03-10 19:17:41.547262
3563399,10654807,Entire home/apt,,Asheville,99,5.0,2,1.0,125.0,,35.609832,-82.560556,2017-03-10 19:17:41.544638
7676424,13504505,Entire home/apt,,Asheville,68,5.0,4,2.0,129.0,,35.583971,-82.593294,2017-03-10 19:17:41.539504
16163635,1482216,Entire home/apt,,Formerly ETJ,3,5.0,6,2.0,135.0,,35.603146,-82.597801,2017-03-10 19:17:41.536997
3300523,16669723,Entire home/apt,,Asheville,138,5.0,4,1.0,140.0,,35.601225,-82.539596,2017-03-10 19:17:41.530991
8672247,45552832,Entire home/apt,,Asheville,34,5.0,6,2.0,125.0,,35.572328,-82.574491,2017-03-10 19:17:41.525764
4830661,9462156,Entire home/apt,,Asheville,47,5.0,4,1.0,134.0,,35.580139,-82.57742,2017-03-10 19:17:41.519165
5696919,29536562,Entire home/apt,,Asheville,63,5.0,4,2.0,129.0,,35.583043,-82.538134,2017-03-10 19:17:41.513976
13093505,23092470,Entire home/apt,,Asheville,61,5.0,4,1.0,137.0,,35.5917,-82.55409,2017-03-10 19:17:40.593879
13326253,1872084,Entire home/apt,,Asheville,14,4.5,4,1.0,129.0,,35.581602,-82.598627,2017-03-10 19:17:40.591696
15913848,99275644,Entire home/apt,,Asheville,6,5.0,4,2.0,137.0,,35.586413,-82.542432,2017-03-10 19:17:40.585093
15339276,53338225,Entire home/apt,,Asheville,9,5.0,3,1.0,135.0,,35.606719,-82.563294,2017-03-10 19:17:40.582383
15055380,95166245,Entire home/apt,,Asheville,19,4.5,4,2.0,125.0,,35.579159,-82.597177,2017-03-10 19:17:40.579485
15844353,739976,Entire home/apt,,Asheville,8,5.0,2,1.0,123.0,,35.608874,-82.552445,2017-03-10 19:17:40.572430
16477857,108161472,Entire home/apt,,Asheville,10,5.0,4,2.0,132.0,,35.598776,-82.563902,2017-03-10 19:17:40.570248
1422683,7657510,Entire home/apt,,Asheville,127,4.5,3,1.0,129.0,,35.586902,-82.579962,2017-03-10 19:17:40.566730
13710605,8035294,Entire home/apt,,Asheville,15,5.0,2,1.0,125.0,,35.608365,-82.558669,2017-03-10 19:17:40.564507
15091721,46001530,Entire home/apt,,Asheville,19,5.0,2,1.0,125.0,,35.594089,-82.557992,2017-03-10 19:17:40.560475
15995355,62667,Entire home/apt,,Asheville,6,5.0,3,1.0,125.0,,35.602226,-82.560705,2017-03-10 19:17:40.556379
7842477,9581447,Entire home/apt,,Asheville,40,5.0,2,1.0,124.0,,35.598285,-82.566077,2017-03-10 19:17:40.553536
15806748,30786266,Entire home/apt,,Asheville,7,5.0,2,1.0,135.0,,35.580384,-82.532403,2017-03-10 19:17:39.218431
13274313,16465325,Entire home/apt,,Asheville,12,5.0,2,1.0,137.0,,35.597348,-82.566758,2017-03-10 19:17:39.213443
10884543,56398087,Entire home/apt,,Asheville,52,5.0,4,2.0,135.0,,35.608957,-82.551312,2017-03-10 19:17:39.211233
11421709,25316948,Entire home/apt,,Asheville,57,5.0,2,1.0,125.0,,35.598324,-82.567003,2017-03-10 19:17:39.208554
8983489,167564,Entire home/apt,,Asheville,76,4.5,3,1.0,139.0,,35.597276,-82.564345,2017-03-10 19:17:39.205856
3066648,15605872,Entire home/apt,,Asheville,95,5.0,2,1.0,125.0,,35.592146,-82.566399,2017-03-10 19:17:39.202658
3878052,8913782,Entire home/apt,,Asheville,127,5.0,9,3.0,129.0,,35.551172,-82.637715,2017-03-10 19:17:39.199892
15132111,2033434,Entire home/apt,,Asheville,18,5.0,2,1.0,135.0,,35.607905,-82.55831,2017-03-10 19:17:39.197211
17157429,106315653,Entire home/apt,,Asheville,3,5.0,2,1.0,135.0,,35.603378,-82.548824,2017-03-10 19:17:39.194744
405981,2023465,Entire home/apt,,Asheville,178,5.0,2,1.0,130.0,,35.596431,-82.538155,2017-03-10 19:17:39.191990
6184213,22418650,Entire home/apt,,Asheville,48,5.0,2,1.0,110.0,,35.62651,-82.549699,2017-03-10 19:17:36.833223
1198090,6559591,Entire home/apt,,Asheville,10,5.0,2,1.0,110.0,,35.57299,-82.576658,2017-03-10 19:17:36.824924
3404146,17167852,Entire home/apt,,Asheville,30,5.0,4,2.0,117.0,,35.606687,-82.547285,2017-03-10 19:17:36.821902
4662490,18085000,Entire home/apt,,Asheville,12,5.0,3,2.0,109.0,,35.582053,-82.592456,2017-03-10 19:17:36.805470
6325103,940569,Entire home/apt,,Asheville,48,5.0,2,1.0,101.0,,35.581446,-82.585399,2017-03-10 19:17:36.282931
193830,940569,Entire home/apt,,Asheville,191,5.0,3,1.0,105.0,,35.607365,-82.566781,2017-03-10 19:17:36.277388
6791922,4470272,Entire home/apt,,Asheville,115,5.0,2,1.0,102.0,,35.61713,-82.553131,2017-03-10 19:17:36.274056
2014453,6510905,Entire home/apt,,Asheville,290,5.0,2,1.0,105.0,,35.593566,-82.589933,2017-03-10 19:17:36.271003
4241484,352405,Entire home/apt,,Asheville,72,5.0,5,2.0,105.0,,35.546163,-82.517038,2017-03-10 19:17:36.268039
14857013,93023816,Entire home/apt,,Asheville,22,5.0,3,1.0,105.0,,35.576463,-82.592354,2017-03-10 19:17:36.265270
5716399,2392127,Entire home/apt,,Asheville,96,4.5,4,1.0,115.0,,35.582649,-82.581817,2017-03-10 19:17:36.260124
579405,940569,Entire home/apt,,Asheville,164,5.0,2,1.0,105.0,,35.607198,-82.566663,2017-03-10 19:17:36.247890
11242744,58634762,Entire home/apt,,Asheville,23,5.0,4,2.0,119.0,,35.549705,-82.661685,2017-03-10 19:17:36.244162
5683703,29468279,Entire home/apt,,Asheville,24,4.5,4,2.0,115.0,,35.597383,-82.570572,2017-03-10 19:17:36.241524
15896338,98482510,Entire home/apt,,Asheville,6,5.0,2,1.0,110.0,,35.585723,-82.498719,2017-03-10 19:17:36.231965
17546368,8613888,Entire home/apt,,Asheville,0,0.0,5,2.0,120.0,,35.584052,-82.58863,2017-03-10 19:17:36.229179
3040444,12874214,Entire home/apt,,Asheville,156,5.0,3,1.0,105.0,,35.602768,-82.555873,2017-03-10 19:17:34.867549
2925486,14937363,Entire home/apt,,Asheville,78,5.0,4,1.0,120.0,,35.586933,-82.503275,2017-03-10 19:17:34.864852
6823225,7986791,Entire home/apt,,Asheville,29,5.0,2,1.0,120.0,,35.587486,-82.572468,2017-03-10 19:17:34.862216
9022608,34263964,Entire home/apt,,Asheville,105,5.0,5,2.0,120.0,,35.606117,-82.552177,2017-03-10 19:17:34.858435
3574658,18001156,Entire home/apt,,Asheville,64,5.0,4,2.0,105.0,,35.586616,-82.580464,2017-03-10 19:17:34.856388
17137551,103104686,Entire home/apt,,Asheville,1,0.0,2,1.0,113.0,,35.584922,-82.493331,2017-03-10 19:17:34.852222
6452410,16023445,Entire home/apt,,Asheville,60,4.5,2,1.0,100.0,,35.611695,-82.55088,2017-03-10 19:17:34.847863
15036437,62667,Entire home/apt,,Asheville,0,0.0,6,3.0,116.0,,35.615462,-82.554042,2017-03-10 19:17:34.845654
12991119,19125935,Entire home/apt,,Asheville,22,5.0,2,0.0,115.0,,35.603452,-82.548364,2017-03-10 19:17:34.842939
6972023,7500252,Entire home/apt,,Asheville,37,4.5,2,1.0,108.0,,35.579023,-82.599189,2017-03-10 19:17:34.837904
2165569,1457357,Entire home/apt,,Asheville,147,4.5,4,2.0,110.0,,35.605824,-82.547946,2017-03-10 19:17:34.834657
6599654,2363511,Entire home/apt,,Asheville,62,5.0,4,2.0,111.0,,35.582942,-82.588632,2017-03-10 19:17:34.831693
15973719,29536562,Entire home/apt,,Asheville,7,5.0,2,1.0,119.0,,35.585674,-82.535926,2017-03-10 19:17:33.244306
12052034,3114042,Entire home/apt,,Asheville,34,5.0,2,1.0,110.0,,35.59866,-82.563893,2017-03-10 19:17:33.238556
11946709,42432803,Entire home/apt,,Asheville,30,5.0,4,2.0,102.0,,35.575544,-82.577704,2017-03-10 19:17:33.235659
5851392,5664205,Entire home/apt,,Asheville,28,4.5,3,1.0,110.0,,35.597121,-82.570443,2017-03-10 19:17:33.232980
12918380,70859007,Entire home/apt,,Asheville,7,5.0,3,1.0,108.0,,35.58611,-82.58079,2017-03-10 19:17:33.230139
13479400,67061733,Entire home/apt,,Asheville,20,5.0,4,2.0,119.0,,35.57345,-82.581651,2017-03-10 19:17:33.227901
14934441,20943262,Entire home/apt,,Formerly ETJ,22,5.0,8,3.0,120.0,,35.553249,-82.512055,2017-03-10 19:17:33.225144
266511,266195,Entire home/apt,,Asheville,169,5.0,3,1.0,105.0,,35.575581,-82.623049,2017-03-10 19:17:33.218720
3369973,12087030,Entire home/apt,,Asheville,18,5.0,4,2.0,120.0,,35.583174,-82.546435,2017-03-10 19:17:33.215886
15009504,94713501,Entire home/apt,,Asheville,27,5.0,4,2.0,109.0,,35.602483,-82.555437,2017-03-10 19:17:33.213570
8503329,22201910,Entire home/apt,,Asheville,114,5.0,5,1.0,119.0,,35.60466,-82.567247,2017-03-10 19:17:33.205866
5131525,940569,Entire home/apt,,Asheville,42,5.0,2,1.0,105.0,,35.578678,-82.587509,2017-03-10 19:17:33.201841
15805048,5162286,Entire home/apt,,Asheville,11,5.0,5,2.0,120.0,,35.580048,-82.587632,2017-03-10 19:17:33.199404
3741771,2392127,Entire home/apt,,Asheville,175,5.0,4,1.0,115.0,,35.579649,-82.581724,2017-03-10 19:17:33.195617
15231248,15740461,Entire home/apt,,Asheville,11,5.0,4,1.0,109.0,,35.572791,-82.597915,2017-03-10 19:17:32.530617
16774726,111386122,Entire home/apt,,Asheville,4,5.0,4,2.0,115.0,,35.614571,-82.551104,2017-03-10 19:17:32.527719
880283,4470272,Entire home/apt,,Asheville,288,5.0,2,1.0,120.0,,35.600333,-82.565425,2017-03-10 19:17:32.521872
14352724,7827938,Entire home/apt,,Asheville,43,5.0,2,1.0,118.0,,35.596651,-82.565295,2017-03-10 19:17:32.519666
6177422,32045149,Entire home/apt,,Asheville,98,5.0,4,2.0,100.0,,35.587412,-82.576955,2017-03-10 19:17:32.516444
9182448,47777952,Entire home/apt,,Asheville,4,5.0,3,1.0,109.0,,35.573555,-82.602292,2017-03-10 19:17:32.513719
17240001,31330448,Entire home/apt,,Asheville,1,0.0,2,1.0,109.0,,35.602669,-82.571564,2017-03-10 19:17:32.508339
13206560,2307713,Entire home/apt,,Asheville,40,5.0,4,1.0,106.0,,35.594098,-82.553793,2017-03-10 19:17:32.506251
14168714,62550138,Entire home/apt,,Asheville,24,5.0,2,1.0,110.0,,35.581824,-82.573638,2017-03-10 19:17:32.496406
12400514,31012477,Entire home/apt,,Asheville,67,5.0,4,1.0,100.0,,35.573971,-82.599733,2017-03-10 19:17:32.493044
12107874,64927386,Entire home/apt,,Asheville,67,5.0,3,1.0,115.0,,35.58393,-82.560109,2017-03-10 19:17:31.077312
15091813,95528976,Entire home/apt,,Asheville,1,0.0,4,1.0,120.0,,35.60219,-82.560437,2017-03-10 19:17:31.073909
15858896,91187686,Entire home/apt,,Asheville,8,5.0,3,1.0,115.0,,35.56658,-82.530294,2017-03-10 19:17:31.071165
16415290,9216883,Entire home/apt,,Asheville,42,5.0,2,1.0,119.0,,35.579281,-82.577197,2017-03-10 19:17:31.065403
15530268,47647594,Entire home/apt,,Asheville,12,5.0,2,1.0,112.0,,35.627196,-82.557096,2017-03-10 19:17:31.062126
1421061,483350,Entire home/apt,,Asheville,80,5.0,2,1.0,110.0,,35.57597,-82.536946,2017-03-10 19:17:31.057310
2943116,15025836,Entire home/apt,,Asheville,90,5.0,2,1.0,100.0,,35.5545,-82.6244,2017-03-10 19:17:31.054309
14731106,91729665,Entire home/apt,,Asheville,30,5.0,4,2.0,104.0,,35.609702,-82.564378,2017-03-10 19:17:31.052057
16350883,5885539,Entire home/apt,,Asheville,26,5.0,3,1.0,118.0,,35.573932,-82.572122,2017-03-10 19:17:31.048985
1950593,6510905,Entire home/apt,,Asheville,144,5.0,2,1.0,110.0,,35.594441,-82.589448,2017-03-10 19:17:31.045862
7693393,40309465,Entire home/apt,,Asheville,90,5.0,4,2.0,111.0,,35.577856,-82.593645,2017-03-10 19:17:31.042507
7947839,41909545,Entire home/apt,,Asheville,162,5.0,2,1.0,116.0,,35.601286,-82.555597,2017-03-10 19:17:31.038958
9757192,50318506,Entire home/apt,,Asheville,137,5.0,5,2.0,100.0,,35.579149,-82.580093,2017-03-10 19:17:31.035178
5262825,27244058,Entire home/apt,,Asheville,193,4.5,8,2.0,108.0,,35.605033,-82.546337,2017-03-10 19:17:31.032747
16977918,4331962,Entire home/apt,,Formerly ETJ,4,5.0,6,2.0,115.0,,35.613799,-82.520985,2017-03-10 19:17:31.029610
6054250,1826173,Entire home/apt,,Asheville,222,5.0,2,1.0,111.0,,35.575172,-82.578267,2017-03-10 19:17:31.026424
4635823,20627982,Entire home/apt,,Asheville,1,0.0,4,2.0,100.0,,35.580593,-82.536635,2017-03-10 19:17:30.162496
15321136,72717376,Entire home/apt,,Asheville,5,4.5,4,2.0,89.0,,35.589255,-82.476128,2017-03-10 19:17:29.775228
7997863,9878339,Entire home/apt,,Asheville,22,5.0,5,2.0,89.0,,35.614953,-82.561209,2017-03-10 19:17:29.763863
284690,1482216,Entire home/apt,,Formerly ETJ,29,4.5,4,1.0,100.0,,35.604407,-82.599973,2017-03-10 19:17:29.742272
9959660,1356526,Entire home/apt,,Asheville,28,4.5,6,0.0,100.0,,35.493562,-82.529312,2017-03-10 19:17:29.731452
5693296,4846203,Entire home/apt,,Asheville,1,0.0,8,2.0,89.0,,35.580058,-82.606082,2017-03-10 19:17:28.944072
1878997,6705868,Entire home/apt,,Formerly ETJ,10,5.0,2,1.0,90.0,,35.517687,-82.596263,2017-03-10 19:17:28.940267
1984612,9796949,Entire home/apt,,Asheville,9,5.0,4,2.0,100.0,,35.581401,-82.589266,2017-03-10 19:17:28.936815
6574072,20934996,Entire home/apt,,Asheville,2,0.0,3,1.0,85.0,,35.614885,-82.559891,2017-03-10 19:17:28.924386
3889212,1482216,Entire home/apt,,Formerly ETJ,37,4.5,2,1.0,100.0,,35.598895,-82.59319,2017-03-10 19:17:28.910477
1711119,6705868,Entire home/apt,,Formerly ETJ,4,5.0,2,1.0,85.0,,35.517532,-82.596467,2017-03-10 19:17:27.488047
8794816,7315313,Entire home/apt,,Asheville,45,5.0,2,1.0,95.0,,35.580763,-82.587156,2017-03-10 19:17:27.484759
2072026,8533528,Entire home/apt,,Asheville,144,5.0,3,0.0,96.0,,35.636468,-82.549495,2017-03-10 19:17:27.470518
6575162,11706210,Entire home/apt,,Asheville,53,5.0,2,1.0,99.0,,35.613014,-82.55862,2017-03-10 19:17:27.446682
12809768,35378385,Entire home/apt,,Asheville,15,5.0,4,2.0,100.0,,35.569631,-82.574076,2017-03-10 19:17:27.444395
3302863,7975333,Entire home/apt,,Asheville,79,5.0,4,2.0,99.0,,35.510612,-82.527666,2017-03-10 19:17:27.441460
16603859,8051732,Entire home/apt,,Asheville,2,0.0,2,1.0,95.0,,35.594341,-82.537193,2017-03-10 19:17:27.439068
14979640,586186,Entire home/apt,,Asheville,7,5.0,4,2.0,100.0,,35.5749,-82.596412,2017-03-10 19:17:27.435410
6290666,21539203,Entire home/apt,,Asheville,107,5.0,2,1.0,99.0,,35.594037,-82.536528,2017-03-10 19:17:25.014944
3888845,1994122,Entire home/apt,,Formerly ETJ,134,5.0,2,1.0,98.0,,35.612489,-82.525202,2017-03-10 19:17:25.011856
13582513,40234911,Entire home/apt,,Asheville,29,4.5,2,1.0,85.0,,35.581143,-82.594897,2017-03-10 19:17:25.007177
8225458,43374163,Entire home/apt,,Formerly ETJ,1,0.0,4,3.0,93.0,,35.554236,-82.510976,2017-03-10 19:17:25.003962
10900676,9309798,Entire home/apt,,Asheville,0,0.0,2,0.0,99.0,,35.567529,-82.5954,2017-03-10 19:17:25.000657
13191439,61945092,Entire home/apt,,Asheville,20,5.0,4,2.0,95.0,,35.569175,-82.614893,2017-03-10 19:17:24.994903
6480745,6074062,Entire home/apt,,Asheville,80,5.0,6,2.0,99.0,,35.572984,-82.589903,2017-03-10 19:17:24.991995
15336786,7954589,Entire home/apt,,Formerly ETJ,11,5.0,5,2.0,85.0,,35.591773,-82.62489,2017-03-10 19:17:24.987286
11728697,15708987,Entire home/apt,,Asheville,52,5.0,4,1.0,99.0,,35.563473,-82.528904,2017-03-10 19:17:24.979402
11738931,48021061,Entire home/apt,,Asheville,26,5.0,4,1.0,99.0,,35.568482,-82.59151,2017-03-10 19:17:24.968941
2432326,12432758,Entire home/apt,,Asheville,124,5.0,2,0.0,89.0,,35.616296,-82.558639,2017-03-10 19:17:24.272624
11730986,62394895,Entire home/apt,,Asheville,20,4.5,3,1.0,92.0,,35.58226,-82.592559,2017-03-10 19:17:24.269698
14874362,44879974,Entire home/apt,,Asheville,10,4.5,2,0.0,80.0,,35.563096,-82.512865,2017-03-10 19:17:24.266564
1785262,5564999,Entire home/apt,,Asheville,180,5.0,2,1.0,87.0,,35.587132,-82.575212,2017-03-10 19:17:24.263295
13258472,1994122,Entire home/apt,,Formerly ETJ,40,5.0,2,1.0,98.0,,35.611398,-82.523661,2017-03-10 19:17:24.255057
2011367,10349105,Entire home/apt,,Asheville,89,5.0,4,1.0,99.0,,35.599863,-82.544586,2017-03-10 19:17:24.252459
16732590,55242819,Entire home/apt,,Asheville,0,0.0,3,1.0,100.0,,35.589621,-82.545441,2017-03-10 19:17:24.250396
16937969,96187307,Entire home/apt,,Asheville,0,0.0,6,2.0,375.0,,35.593499,-82.554166,2017-03-10 19:17:59.993955
1223655,427027,Entire home/apt,,Asheville,24,5.0,10,4.0,415.0,,35.596719,-82.553623,2017-03-10 19:17:59.990673
12972968,23026854,Entire home/apt,,Asheville,35,5.0,6,2.0,350.0,,35.63096,-82.540002,2017-03-10 19:17:59.974246
12401202,67057274,Entire home/apt,,Asheville,4,5.0,6,2.0,350.0,,35.597055,-82.553105,2017-03-10 19:17:59.970483
13684589,79691715,Entire home/apt,,Asheville,0,0.0,6,3.0,300.0,,35.583776,-82.58659,2017-03-10 19:17:59.966901
5839119,30315956,Entire home/apt,,Asheville,39,5.0,10,4.0,475.0,,35.601928,-82.563418,2017-03-10 19:17:59.960051
12310425,64613905,Entire home/apt,,Asheville,11,5.0,8,3.0,325.0,,35.579536,-82.596763,2017-03-10 19:17:59.955528
13044640,21362898,Entire home/apt,,Asheville,2,0.0,6,3.0,300.0,,35.5806,-82.597333,2017-03-10 19:17:59.953161
17278181,109545616,Entire home/apt,,Asheville,1,0.0,8,3.0,400.0,,35.608195,-82.575804,2017-03-10 19:17:59.946363
16826141,49736754,Entire home/apt,,Asheville,0,0.0,10,2.0,250.0,,35.586321,-82.487171,2017-03-10 19:17:57.951181
720609,427027,Entire home/apt,,Asheville,38,5.0,6,0.0,295.0,,35.598056,-82.552561,2017-03-10 19:17:57.939583
14803947,18513600,Entire home/apt,,Formerly ETJ,9,5.0,6,3.0,300.0,,35.613055,-82.522226,2017-03-10 19:17:57.932861
16937958,96187307,Entire home/apt,,Asheville,0,0.0,6,2.0,300.0,,35.564539,-82.539201,2017-03-10 19:17:57.335337
16937973,96187307,Entire home/apt,,Asheville,0,0.0,4,1.0,275.0,,35.59486,-82.553684,2017-03-10 19:17:57.332973
2801334,427027,Entire home/apt,,Asheville,4,4.5,2,1.0,215.0,,35.609214,-82.567724,2017-03-10 19:17:57.328919
13388627,32054468,Entire home/apt,,Asheville,8,4.5,4,2.0,219.0,,35.593586,-82.55949,2017-03-10 19:17:57.320345
16937967,96187307,Entire home/apt,,Asheville,0,0.0,6,2.0,275.0,,35.562774,-82.538285,2017-03-10 19:17:57.318138
4994407,25749896,Entire home/apt,,Formerly ETJ,18,5.0,6,3.0,250.0,,35.624644,-82.521137,2017-03-10 19:17:57.305424
4173713,20973612,Entire home/apt,,Formerly ETJ,17,5.0,2,1.0,240.0,,35.653843,-82.542351,2017-03-10 19:17:57.301035
13514183,32054468,Entire home/apt,,Asheville,5,5.0,4,2.0,219.0,,35.595161,-82.561524,2017-03-10 19:17:57.291169
16937997,96187307,Entire home/apt,,Asheville,0,0.0,10,3.0,300.0,,35.62512,-82.531978,2017-03-10 19:17:55.074375
10019092,20578434,Entire home/apt,,Asheville,6,5.0,4,2.0,250.0,,35.591835,-82.545812,2017-03-10 19:17:55.072197
6335114,32981845,Entire home/apt,,Asheville,10,5.0,6,3.0,230.0,,35.576006,-82.541052,2017-03-10 19:17:55.068242
3018908,14991088,Entire home/apt,,Asheville,48,5.0,4,2.0,215.0,,35.580479,-82.578696,2017-03-10 19:17:55.062667
7998973,23661387,Entire home/apt,,Asheville,14,5.0,4,2.0,225.0,,35.622777,-82.559826,2017-03-10 19:17:55.060219
3741932,19133972,Entire home/apt,,Asheville,47,5.0,4,2.0,275.0,,35.586271,-82.578516,2017-03-10 19:17:55.057358
10122830,3838067,Entire home/apt,,Asheville,1,0.0,8,3.0,290.0,,35.587987,-82.558659,2017-03-10 19:17:55.054615
6091389,31608670,Entire home/apt,,Asheville,9,5.0,4,2.0,300.0,,35.601052,-82.54356,2017-03-10 19:17:55.050202
16652322,427027,Entire home/apt,,Asheville,3,5.0,2,0.0,295.0,,35.595592,-82.551688,2017-03-10 19:17:55.039350
3694260,2759944,Entire home/apt,,Asheville,1,0.0,5,2.0,250.0,,35.604544,-82.568868,2017-03-10 19:17:55.036479
16925190,2461984,Entire home/apt,,Asheville,0,0.0,2,2.0,235.0,,35.602973,-82.559472,2017-03-10 19:17:55.033746
2761822,4752708,Entire home/apt,,Asheville,44,5.0,6,2.0,279.0,,35.580972,-82.576433,2017-03-10 19:17:54.300503
5885284,14991088,Entire home/apt,,Asheville,43,5.0,4,2.0,215.0,,35.5815,-82.578822,2017-03-10 19:17:54.292314
12229453,61981814,Entire home/apt,,Asheville,34,5.0,5,2.0,205.0,,35.589588,-82.564583,2017-03-10 19:17:54.280687
15510852,46001530,Entire home/apt,,Asheville,28,5.0,2,1.0,100.0,,35.594121,-82.557993,2017-03-10 19:17:24.248461
6970329,36535942,Entire home/apt,,Asheville,60,5.0,4,2.0,97.0,,35.56537,-82.525479,2017-03-10 19:17:24.242880
14773557,91165219,Entire home/apt,,Asheville,30,5.0,4,2.0,99.0,,35.514857,-82.509107,2017-03-10 19:17:24.239767
11259371,5620417,Entire home/apt,,Formerly ETJ,72,4.5,4,1.0,89.0,,35.603834,-82.599137,2017-03-10 19:17:24.231581
11315898,58379581,Entire home/apt,,Asheville,26,5.0,4,1.0,99.0,,35.577496,-82.597273,2017-03-10 19:17:24.228507
4124504,11006041,Entire home/apt,,Asheville,153,5.0,4,2.0,99.0,,35.573469,-82.537531,2017-03-10 19:17:23.429621
4875054,14485502,Entire home/apt,,Asheville,2,0.0,2,0.0,100.0,,35.579227,-82.571615,2017-03-10 19:17:23.423177
15867110,44758038,Entire home/apt,,Asheville,2,0.0,4,1.0,95.0,,35.569677,-82.52922,2017-03-10 19:17:23.404498
17036413,52034787,Entire home/apt,,Asheville,1,0.0,4,2.0,84.0,,35.468377,-82.510564,2017-03-10 19:17:23.384212
15780601,88468262,Entire home/apt,,Asheville,5,5.0,4,1.0,90.0,,35.588006,-82.602421,2017-03-10 19:17:23.381432
15718256,5230460,Entire home/apt,,Asheville,13,4.5,4,1.0,100.0,,35.576986,-82.562176,2017-03-10 19:17:23.378118
13340576,12585232,Entire home/apt,,Asheville,40,5.0,2,1.0,85.0,,35.595462,-82.614901,2017-03-10 19:17:23.372555
15193075,13489440,Entire home/apt,,Asheville,24,5.0,3,1.0,89.0,,35.606259,-82.571957,2017-03-10 19:17:21.958576
15371871,62996022,Entire home/apt,,Asheville,22,5.0,2,1.0,93.0,,35.597114,-82.512284,2017-03-10 19:17:21.956143
444540,2208876,Entire home/apt,,Asheville,76,5.0,2,1.0,85.0,,35.591148,-82.552533,2017-03-10 19:17:21.952608
15009020,22262863,Entire home/apt,,Asheville,19,5.0,4,2.0,99.0,,35.557525,-82.513765,2017-03-10 19:17:21.950372
14941161,48356327,Entire home/apt,,Asheville,17,5.0,4,2.0,90.0,,35.607757,-82.550409,2017-03-10 19:17:21.948335
17155164,21539203,Entire home/apt,,Asheville,2,0.0,2,1.0,99.0,,35.592201,-82.536082,2017-03-10 19:17:21.938902
5354494,27754937,Entire home/apt,,Asheville,81,4.5,4,2.0,95.0,,35.574724,-82.59006,2017-03-10 19:17:21.932831
6603955,11903858,Entire home/apt,,Asheville,33,5.0,6,2.0,95.0,,35.57226,-82.627568,2017-03-10 19:17:21.929883
13373427,3018614,Entire home/apt,,Asheville,42,5.0,2,1.0,90.0,,35.584617,-82.534329,2017-03-10 19:17:21.924693
3649639,18450336,Entire home/apt,,Asheville,170,5.0,4,1.0,90.0,,35.608152,-82.56361,2017-03-10 19:17:21.918741
17140023,115227864,Entire home/apt,,Asheville,2,0.0,4,2.0,99.0,,35.599926,-82.558953,2017-03-10 19:17:21.916224
5681510,8237860,Entire home/apt,,Asheville,80,5.0,2,1.0,85.0,,35.56111,-82.615174,2017-03-10 19:17:20.638019
12782989,54187184,Entire home/apt,,Asheville,44,5.0,2,1.0,89.0,,35.589691,-82.567108,2017-03-10 19:17:20.635398
14603190,77050888,Entire home/apt,,Asheville,26,5.0,3,1.0,95.0,,35.57248,-82.60621,2017-03-10 19:17:20.632216
4895765,5035186,Entire home/apt,,Asheville,188,5.0,4,1.0,95.0,,35.57424,-82.532876,2017-03-10 19:17:20.629421
7543799,39527624,Entire home/apt,,Asheville,100,5.0,2,1.0,88.0,,35.581416,-82.587834,2017-03-10 19:17:20.627272
15467289,96294317,Entire home/apt,,Asheville,15,5.0,4,1.0,89.0,,35.566269,-82.597973,2017-03-10 19:17:20.624257
4249688,5804140,Entire home/apt,,Asheville,161,5.0,3,1.0,90.0,,35.577529,-82.609976,2017-03-10 19:17:20.621313
13716891,7429638,Entire home/apt,,Asheville,58,5.0,2,1.0,89.0,,35.616089,-82.553063,2017-03-10 19:17:20.618778
14963589,47114362,Entire home/apt,,Formerly ETJ,26,5.0,2,1.0,91.0,,35.54537,-82.50979,2017-03-10 19:17:20.615443
12186372,22215473,Entire home/apt,,Asheville,114,4.5,2,1.0,85.0,,35.59168,-82.563544,2017-03-10 19:17:20.612810
4764715,3441402,Entire home/apt,,Asheville,164,5.0,2,1.0,95.0,,35.573386,-82.573401,2017-03-10 19:17:20.609863
15422307,98830727,Entire home/apt,,Asheville,49,5.0,3,1.0,88.0,,35.574375,-82.58634,2017-03-10 19:17:20.606929
8799413,46109359,Entire home/apt,,Asheville,118,5.0,2,1.0,90.0,,35.587618,-82.535858,2017-03-10 19:17:20.604376
15475292,89538800,Entire home/apt,,Asheville,48,5.0,2,1.0,90.0,,35.583598,-82.501912,2017-03-10 19:17:20.598034
1039028,4143638,Entire home/apt,,Formerly ETJ,67,5.0,4,1.0,90.0,,35.55144,-82.491325,2017-03-10 19:17:20.595035
881707,4664726,Entire home/apt,,Asheville,254,5.0,2,1.0,90.0,,35.568931,-82.594748,2017-03-10 19:17:20.591667
14535600,8048439,Entire home/apt,,Asheville,1,0.0,2,0.0,80.0,,35.566197,-82.593685,2017-03-10 19:17:20.127489
6870832,27244058,Entire home/apt,,Asheville,0,0.0,5,2.0,68.0,,35.60581,-82.544041,2017-03-10 19:17:19.326906
11962915,11931132,Entire home/apt,,Asheville,6,5.0,3,1.0,80.0,,35.561576,-82.515169,2017-03-10 19:17:19.321184
1312301,7130739,Entire home/apt,,Asheville,55,4.5,2,1.0,63.0,,35.582474,-82.499867,2017-03-10 19:17:19.310432
3268390,16526258,Entire home/apt,,Asheville,127,5.0,2,0.0,80.0,,35.628851,-82.571307,2017-03-10 19:17:19.307799
3812110,16100290,Entire home/apt,,Asheville,6,4.5,5,2.0,80.0,,35.573212,-82.607918,2017-03-10 19:17:19.299966
15953382,30532506,Entire home/apt,,Asheville,6,5.0,4,0.0,76.0,,35.580477,-82.604066,2017-03-10 19:17:18.009000
15788106,102127332,Entire home/apt,,Formerly ETJ,9,4.5,4,2.0,80.0,,35.518447,-82.598822,2017-03-10 19:17:18.001928
660702,3335271,Entire home/apt,,Asheville,81,4.5,4,1.0,75.0,,35.621661,-82.553728,2017-03-10 19:17:17.997620
15132769,6837985,Entire home/apt,,Asheville,12,5.0,4,0.0,77.0,,35.577031,-82.622703,2017-03-10 19:17:17.983745
9476164,49114420,Entire home/apt,,Asheville,47,5.0,5,2.0,79.0,,35.574934,-82.591987,2017-03-10 19:17:17.981398
1212352,6618494,Entire home/apt,,Asheville,130,5.0,4,1.0,79.0,,35.599419,-82.561891,2017-03-10 19:17:17.974285
11545230,60921853,Entire home/apt,,Asheville,57,4.5,6,2.0,75.0,,35.570981,-82.575089,2017-03-10 19:17:16.560070
7001873,11298793,Entire home/apt,,Asheville,130,5.0,2,0.0,79.0,,35.591711,-82.59721,2017-03-10 19:17:16.547750
3986614,5656896,Entire home/apt,,Asheville,86,5.0,4,1.0,67.0,,35.623626,-82.561088,2017-03-10 19:17:16.543859
6869894,4580875,Entire home/apt,,Asheville,116,5.0,2,1.0,78.0,,35.582293,-82.486577,2017-03-10 19:17:16.540904
9282426,6618494,Entire home/apt,,Asheville,26,5.0,2,1.0,79.0,,35.601867,-82.554151,2017-03-10 19:17:16.538185
4448604,5656896,Entire home/apt,,Asheville,87,4.5,3,1.0,49.0,,35.622449,-82.561404,2017-03-10 19:17:12.853179
8304698,43785888,Entire home/apt,,Asheville,99,5.0,1,0.0,44.0,,35.607541,-82.562998,2017-03-10 19:17:12.847248
5073757,23664882,Entire home/apt,,Asheville,120,5.0,2,1.0,52.0,,35.561564,-82.510611,2017-03-10 19:17:12.841924
16733596,1884805,Private room,,Asheville,0,0.0,2,1.0,102.0,,35.598299,-82.558302,2017-03-10 19:16:53.437539
4311472,22380549,Private room,,Asheville,94,5.0,2,1.0,100.0,,35.588884,-82.517401,2017-03-10 19:16:51.437726
4921557,10563672,Private room,,Asheville,77,5.0,2,1.0,85.0,,35.585924,-82.551281,2017-03-10 19:16:51.426346
4608346,7197071,Private room,,Asheville,50,5.0,4,1.0,87.0,,35.576537,-82.576035,2017-03-10 19:16:50.100506
2213748,1994122,Private room,,Formerly ETJ,143,5.0,2,1.0,98.0,,35.611882,-82.525872,2017-03-10 19:16:50.090211
12835184,8089511,Private room,,Asheville,36,5.0,2,1.0,89.0,,35.582498,-82.559762,2017-03-10 19:16:50.081599
14671973,5704967,Private room,,Asheville,11,5.0,2,1.0,95.0,,35.590979,-82.564002,2017-03-10 19:16:50.079382
1586906,5601328,Private room,,Asheville,92,5.0,2,1.0,85.0,,35.608229,-82.56212,2017-03-10 19:16:48.149358
2064636,10563672,Private room,,Asheville,75,5.0,2,1.0,85.0,,35.588974,-82.54869,2017-03-10 19:16:48.143028
15327549,70854260,Private room,,Asheville,5,5.0,2,1.0,80.0,,35.59726,-82.563789,2017-03-10 19:16:46.632041
15419328,61098873,Private room,,Asheville,4,5.0,2,1.0,79.0,,35.586378,-82.584491,2017-03-10 19:16:46.626915
15110411,10077483,Private room,,Asheville,8,5.0,2,1.0,75.0,,35.577278,-82.591495,2017-03-10 19:16:45.516421
17039544,114343280,Private room,,Asheville,1,0.0,2,1.0,80.0,,35.585244,-82.586527,2017-03-10 19:16:45.510777
15884208,68810469,Private room,,Asheville,2,0.0,2,1.0,65.0,,35.602764,-82.558751,2017-03-10 19:16:45.497671
11842218,59243961,Private room,,Asheville,50,5.0,2,1.0,80.0,,35.567262,-82.520482,2017-03-10 19:16:44.815512
13779774,4195893,Private room,,Asheville,10,4.5,2,1.0,70.0,,35.571543,-82.592566,2017-03-10 19:16:43.606083
4191204,21702976,Private room,,Asheville,234,5.0,2,1.0,75.0,,35.604496,-82.552129,2017-03-10 19:16:43.584082
16228218,106048558,Private room,,Asheville,15,5.0,2,1.0,62.0,,35.603798,-82.566007,2017-03-10 19:16:42.545692
14738243,65772530,Private room,,Asheville,11,5.0,2,1.0,67.0,,35.605515,-82.548431,2017-03-10 19:16:41.366167
15703274,7019302,Private room,,Asheville,36,5.0,2,1.0,63.0,,35.552915,-82.530381,2017-03-10 19:16:41.343181
10232448,6773853,Private room,,Asheville,70,5.0,2,1.0,65.0,,35.568935,-82.573186,2017-03-10 19:16:40.623958
6305325,2208876,Private room,,Asheville,20,5.0,2,1.0,55.0,,35.591315,-82.554298,2017-03-10 19:16:37.994319
674894,614610,Private room,,Asheville,93,4.5,2,1.0,50.0,,35.622721,-82.502854,2017-03-10 19:16:37.978644
3455514,17383261,Private room,,Asheville,102,5.0,2,1.0,55.0,,35.569544,-82.596823,2017-03-10 19:16:37.970446
6148442,2208876,Private room,,Asheville,34,5.0,2,1.0,55.0,,35.591303,-82.55294,2017-03-10 19:16:37.295124
16839398,89378012,Private room,,Asheville,2,0.0,4,2.0,54.0,,35.565004,-82.592523,2017-03-10 19:16:36.516894
12600850,487495,Private room,,Asheville,95,5.0,3,1.0,44.0,,35.584351,-82.591835,2017-03-10 19:16:36.511225
8274661,16698602,Private room,,Asheville,64,5.0,2,1.0,60.0,,35.573372,-82.54537,2017-03-10 19:16:36.504191
6813265,31436003,Private room,,Asheville,55,4.5,2,1.0,58.0,,35.580797,-82.595329,2017-03-10 19:16:35.357466
7850593,1834585,Private room,,Asheville,105,5.0,2,1.0,49.0,,35.57459,-82.624138,2017-03-10 19:16:35.348460
3089882,5581771,Private room,,Asheville,140,5.0,2,1.0,55.0,,35.574196,-82.626037,2017-03-10 19:16:34.370220
13674901,57323381,Private room,,Asheville,27,5.0,2,1.0,50.0,,35.550432,-82.523384,2017-03-10 19:16:34.366681
15664695,101143740,Private room,,Formerly ETJ,21,5.0,4,1.0,53.0,,35.560534,-82.489935,2017-03-10 19:16:34.362776
14105113,84927656,Private room,,Formerly ETJ,41,5.0,4,1.0,39.0,,35.568185,-82.633628,2017-03-10 19:16:32.051151
2643168,13532421,Private room,,Asheville,0,0.0,2,1.0,259.0,,35.603852,-82.550438,2017-03-10 19:16:27.893396
6817616,35698851,Private room,,Asheville,2,0.0,2,1.0,249.0,,35.587852,-82.578497,2017-03-10 19:16:27.887772
8030827,41655102,Private room,,Formerly ETJ,24,5.0,4,1.0,200.0,,35.621349,-82.512794,2017-03-10 19:16:26.732695
723349,3736218,Private room,,Asheville,3,4.0,2,1.0,150.0,,35.574358,-82.556227,2017-03-10 19:16:25.394569
13692771,47835132,Private room,,Asheville,4,4.5,2,1.0,150.0,,35.511509,-82.513779,2017-03-10 19:16:25.390096
13332844,75468480,Private room,,Asheville,13,4.5,4,2.0,155.0,,35.628655,-82.575172,2017-03-10 19:16:25.387031
912814,4898847,Private room,,Asheville,16,5.0,4,1.0,159.0,,35.600552,-82.556094,2017-03-10 19:16:25.383975
16603671,109545616,Private room,,Asheville,0,0.0,4,1.0,175.0,,35.609535,-82.575738,2017-03-10 19:16:25.378324
12470763,43095235,Private room,,Asheville,14,5.0,3,1.0,147.0,,35.576891,-82.581806,2017-03-10 19:16:25.375709
17649333,103533463,Private room,,Asheville,0,0.0,6,2.0,150.0,,35.625214,-82.540491,2017-03-10 19:16:25.373676
9022733,26206554,Private room,,Asheville,1,0.0,2,1.0,150.0,,35.631479,-82.565904,2017-03-10 19:16:25.369441
17326028,28424329,Private room,,Asheville,0,0.0,2,1.0,175.0,,35.620144,-82.548906,2017-03-10 19:16:25.367111
15510618,4898847,Private room,,Asheville,1,0.0,2,1.0,149.0,,35.601536,-82.557212,2017-03-10 19:16:25.364831
9363548,20578434,Private room,,Asheville,40,5.0,2,1.0,145.0,,35.589329,-82.544538,2017-03-10 19:16:25.362002
15579134,17118860,Private room,,Asheville,9,5.0,2,1.0,160.0,,35.599218,-82.557069,2017-03-10 19:16:25.359837
12337432,1786816,Private room,,Asheville,13,5.0,3,1.0,158.0,,35.590759,-82.567901,2017-03-10 19:16:25.356491
6431917,433914,Private room,,Asheville,8,4.5,2,1.0,140.0,,35.5709,-82.548023,2017-03-10 19:16:24.641860
15590509,99609379,Private room,,Formerly ETJ,0,0.0,2,1.0,135.0,,35.560349,-82.486686,2017-03-10 19:16:24.637635
15506073,99609379,Private room,,Formerly ETJ,4,4.5,2,1.0,135.0,,35.558517,-82.485317,2017-03-10 19:16:24.633460
8206090,433914,Private room,,Asheville,23,4.5,2,1.0,130.0,,35.570272,-82.55006,2017-03-10 19:16:24.631019
8453951,433914,Private room,,Asheville,16,5.0,2,1.0,130.0,,35.569509,-82.549224,2017-03-10 19:16:24.626648
13203770,47835132,Private room,,Asheville,11,5.0,2,1.0,135.0,,35.511346,-82.513896,2017-03-10 19:16:24.624360
5355078,4898847,Private room,,Asheville,5,5.0,2,1.0,139.0,,35.601459,-82.557772,2017-03-10 19:16:24.621453
15867765,102070094,Private room,,Asheville,31,5.0,2,1.0,135.0,,35.578831,-82.560372,2017-03-10 19:16:24.613991
15444450,15904121,Private room,,Asheville,3,4.5,4,1.0,120.0,,35.602387,-82.541739,2017-03-10 19:16:23.023642
10496018,53452439,Private room,,Asheville,23,4.5,2,1.0,105.0,,35.603639,-82.575203,2017-03-10 19:16:22.531249
9195530,47835132,Private room,,Asheville,5,5.0,2,1.0,115.0,,35.509964,-82.513689,2017-03-10 19:16:22.526233
80331,433914,Private room,,Asheville,53,5.0,2,1.0,120.0,,35.56915,-82.549715,2017-03-10 19:16:22.523876
3961524,20115578,Private room,,Asheville,69,5.0,4,1.0,105.0,,35.629356,-82.537744,2017-03-10 19:16:22.521234
6275127,32613681,Private room,,Asheville,29,4.5,2,1.0,100.0,,35.630875,-82.563944,2017-03-10 19:16:22.518565
11510567,60649962,Private room,,Asheville,34,5.0,4,1.0,105.0,,35.566287,-82.531652,2017-03-10 19:16:22.516207
10496778,53452439,Private room,,Asheville,17,4.5,2,1.0,105.0,,35.603716,-82.575212,2017-03-10 19:16:22.509544
14448789,5704967,Private room,,Asheville,10,5.0,2,1.0,105.0,,35.589883,-82.564399,2017-03-10 19:16:22.502745
11947108,10329649,Private room,,Asheville,25,5.0,4,2.0,105.0,,35.577371,-82.543353,2017-03-10 19:16:22.495979
12600829,487495,Private room,,Asheville,38,4.5,5,2.0,110.0,,35.584515,-82.589995,2017-03-10 19:16:22.491979
14555658,29536562,Private room,,Asheville,3,4.5,3,1.0,99.0,,35.631271,-82.56518,2017-03-10 19:16:20.110893
4387472,1110316,Private room,,Asheville,2,0.0,2,1.0,89.0,,35.594659,-82.611117,2017-03-10 19:16:20.104464
67870,335286,Private room,,Asheville,172,5.0,2,1.0,82.0,,35.553707,-82.626297,2017-03-10 19:16:20.100999
3888565,20115578,Private room,,Asheville,70,5.0,2,1.0,95.0,,35.629166,-82.539085,2017-03-10 19:16:18.802472
17494425,96812198,Private room,,Asheville,0,0.0,6,2.0,90.0,,35.606476,-82.558043,2017-03-10 19:16:18.789935
11452465,59792344,Private room,,Asheville,11,4.5,4,1.0,95.0,,35.582045,-82.500448,2017-03-10 19:16:18.787033
13327472,75407530,Private room,,Formerly ETJ,0,0.0,4,1.0,100.0,,35.612088,-82.526288,2017-03-10 19:16:18.783461
5226605,27045300,Private room,,Asheville,29,4.5,2,1.0,89.0,,35.562217,-82.509514,2017-03-10 19:16:18.779409
5532718,1994122,Private room,,Formerly ETJ,87,5.0,2,1.0,98.0,,35.612677,-82.523957,2017-03-10 19:16:18.776665
17515278,2100297,Private room,,Asheville,0,0.0,1,1.0,100.0,,35.605032,-82.550248,2017-03-10 19:16:18.769387
15172815,47287566,Private room,,Asheville,6,5.0,4,1.0,90.0,,35.584307,-82.577447,2017-03-10 19:16:18.760758
5917298,30728739,Private room,,Asheville,112,4.5,5,1.0,95.0,,35.60952,-82.55374,2017-03-10 19:16:18.757419
13512891,12553390,Private room,,Asheville,11,5.0,2,1.0,100.0,,35.588094,-82.558633,2017-03-10 19:16:18.752969
6072952,6473937,Private room,,Asheville,26,5.0,2,1.0,95.0,,35.613216,-82.548787,2017-03-10 19:16:17.131750
6715120,35157681,Private room,,Formerly ETJ,26,4.5,2,1.0,85.0,,35.617403,-82.601216,2017-03-10 19:16:17.128909
10014090,7696364,Private room,,Asheville,0,0.0,1,1.0,85.0,,35.609112,-82.547812,2017-03-10 19:16:17.126638
10583310,43095235,Private room,,Asheville,12,5.0,2,1.0,87.0,,35.575913,-82.582087,2017-03-10 19:16:17.116073
13897752,5522792,Private room,,Asheville,5,5.0,2,1.0,90.0,,35.577952,-82.542754,2017-03-10 19:16:17.113705
12782770,69562008,Private room,,Asheville,28,5.0,4,1.0,100.0,,35.578599,-82.539063,2017-03-10 19:16:17.111578
6413234,16207642,Private room,,Asheville,32,4.5,2,1.0,95.0,,35.574083,-82.540652,2017-03-10 19:16:17.101696
11553531,48937991,Private room,,Formerly ETJ,30,5.0,2,1.0,95.0,,35.554195,-82.490008,2017-03-10 19:16:17.098980
8505396,44110683,Private room,,Asheville,37,4.5,5,1.0,80.0,,35.575325,-82.596928,2017-03-10 19:16:17.096640
8193368,36614639,Private room,,Asheville,56,5.0,3,1.0,88.0,,35.600022,-82.502769,2017-03-10 19:16:16.394087
14731928,1994122,Private room,,Formerly ETJ,20,5.0,2,1.0,98.0,,35.6129,-82.524414,2017-03-10 19:16:16.391308
10684883,6583971,Private room,,Asheville,45,5.0,2,1.0,100.0,,35.589187,-82.525904,2017-03-10 19:16:16.388567
6988335,36601941,Private room,,Asheville,0,0.0,2,1.0,100.0,,35.558008,-82.513479,2017-03-10 19:16:16.384346
1497710,2326321,Private room,,Asheville,88,5.0,2,1.0,85.0,,35.571448,-82.575018,2017-03-10 19:16:16.379824
14976451,3677108,Private room,,Asheville,7,5.0,2,1.0,90.0,,35.605294,-82.557039,2017-03-10 19:16:16.377301
8634354,45401193,Private room,,Asheville,88,5.0,2,1.0,85.0,,35.596861,-82.566542,2017-03-10 19:16:16.364920
13974448,63413993,Private room,,Asheville,16,5.0,2,1.0,85.0,,35.609284,-82.562228,2017-03-10 19:16:16.361680
495111,12874214,Private room,,Asheville,143,5.0,2,1.0,95.0,,35.603132,-82.555516,2017-03-10 19:16:16.353059
16505517,24671631,Private room,,Formerly ETJ,3,4.5,2,1.0,85.0,,35.614649,-82.532087,2017-03-10 19:16:15.564279
2222067,11336944,Private room,,Asheville,45,5.0,2,1.0,85.0,,35.582248,-82.558136,2017-03-10 19:16:15.561376
14186791,793766,Private room,,Asheville,20,4.5,2,1.0,95.0,,35.603161,-82.545834,2017-03-10 19:16:15.559043
12546828,2915104,Private room,,Asheville,28,5.0,2,1.0,85.0,,35.606551,-82.559281,2017-03-10 19:16:15.556750
15701324,4782147,Private room,,Asheville,17,4.5,2,1.0,95.0,,35.579716,-82.540803,2017-03-10 19:16:15.554403
16476358,41653391,Private room,,Asheville,11,5.0,2,1.0,98.0,,35.567127,-82.52681,2017-03-10 19:16:15.551671
15552209,19600149,Private room,,Asheville,19,5.0,2,1.0,99.0,,35.574638,-82.611033,2017-03-10 19:16:15.549290
8209645,5686055,Private room,,Asheville,104,4.5,4,1.0,90.0,,35.586667,-82.549073,2017-03-10 19:16:15.544640
6711659,35135871,Entire home/apt,,Asheville,82,4.5,4,2.0,135.0,,35.590334,-82.54559,2017-03-10 19:17:39.189962
13170678,73538405,Entire home/apt,,Asheville,53,5.0,4,2.0,132.0,,35.595865,-82.545574,2017-03-10 19:17:39.187127
14168464,23092470,Entire home/apt,,Asheville,50,5.0,4,1.0,121.0,,35.590222,-82.552796,2017-03-10 19:17:39.183205
14649826,4285304,Entire home/apt,,Asheville,26,5.0,2,1.0,125.0,,35.579696,-82.572898,2017-03-10 19:17:39.181177
7810101,41116459,Entire home/apt,,Asheville,0,0.0,4,1.0,120.0,,35.480875,-82.54474,2017-03-10 19:17:38.418739
155305,746673,Entire home/apt,,Asheville,118,4.5,3,1.0,102.0,,35.579722,-82.596172,2017-03-10 19:17:38.416218
6544722,20446462,Entire home/apt,,Asheville,0,0.0,4,2.0,110.0,,35.577416,-82.542878,2017-03-10 19:17:38.409353
136547,653292,Entire home/apt,,Asheville,46,4.5,4,2.0,120.0,,35.577443,-82.607318,2017-03-10 19:17:38.406684
16532936,28704049,Entire home/apt,,Formerly ETJ,1,0.0,5,3.0,120.0,,35.532264,-82.61044,2017-03-10 19:17:38.391020
6964842,36518892,Private room,,Asheville,74,4.5,2,1.0,89.0,,35.611869,-82.55574,2017-03-10 19:16:15.541933
12430937,30768451,Private room,,Asheville,46,4.5,2,1.0,90.0,,35.574452,-82.53601,2017-03-10 19:16:15.539146
1415137,7625694,Private room,,Asheville,223,4.5,2,1.0,89.0,,35.592233,-82.550139,2017-03-10 19:16:15.536625
6503015,1884805,Private room,,Asheville,142,5.0,2,1.0,95.0,,35.600022,-82.557804,2017-03-10 19:16:15.533858
12251952,7827938,Private room,,Asheville,37,5.0,2,1.0,81.0,,35.598289,-82.566816,2017-03-10 19:16:15.531063
16909568,112888161,Private room,,Asheville,1,0.0,2,0.0,89.0,,35.555488,-82.520783,2017-03-10 19:16:15.524837
9062255,47271331,Private room,,Asheville,78,5.0,2,1.0,95.0,,35.599567,-82.499377,2017-03-10 19:16:15.521637
5114762,21362898,Private room,,Asheville,178,5.0,5,2.0,95.0,,35.580715,-82.595727,2017-03-10 19:16:15.518372
2411109,7535860,Private room,,Asheville,330,5.0,2,1.0,81.0,,35.600479,-82.557593,2017-03-10 19:16:15.514722
2793430,614610,Private room,,Asheville,8,4.5,2,1.0,79.0,,35.6219,-82.50246,2017-03-10 19:16:15.031111
12602192,1452251,Private room,,Asheville,9,5.0,2,1.0,80.0,,35.578998,-82.573044,2017-03-10 19:16:14.993953
8310318,1292070,Private room,,Asheville,2,0.0,2,1.0,65.0,,35.597339,-82.508689,2017-03-10 19:16:13.887633
156805,746673,Private room,,Asheville,33,4.5,2,1.0,70.0,,35.577554,-82.59697,2017-03-10 19:16:13.880715
246315,1292070,Private room,,Asheville,47,4.5,2,1.0,65.0,,35.596352,-82.506551,2017-03-10 19:16:13.856557
5598622,29027252,Private room,,Asheville,148,5.0,2,1.0,65.0,,35.577711,-82.570121,2017-03-10 19:16:13.834961
16284364,43095235,Private room,,Asheville,3,5.0,2,1.0,74.0,,35.577623,-82.582169,2017-03-10 19:16:12.626494
11078421,1356526,Private room,,Asheville,21,4.5,2,1.0,80.0,,35.491965,-82.52854,2017-03-10 19:16:12.614849
4304361,637074,Private room,,Asheville,12,5.0,2,1.0,70.0,,35.586453,-82.503086,2017-03-10 19:16:12.612370
8208004,43281773,Private room,,Asheville,16,5.0,2,1.0,65.0,,35.567946,-82.577747,2017-03-10 19:16:12.606718
14980503,22201910,Private room,,Asheville,17,5.0,4,1.0,69.0,,35.604175,-82.567314,2017-03-10 19:16:11.429471
6399802,7625694,Private room,,Asheville,158,5.0,2,1.0,79.0,,35.59085,-82.549698,2017-03-10 19:16:11.422711
11208688,58373542,Private room,,Asheville,11,4.5,2,1.0,65.0,,35.568899,-82.630758,2017-03-10 19:16:11.418186
8576671,28917163,Private room,,Asheville,57,5.0,5,1.0,75.0,,35.567528,-82.617222,2017-03-10 19:16:11.411272
13209065,74038380,Private room,,Asheville,12,5.0,2,1.0,65.0,,35.569253,-82.614246,2017-03-10 19:16:11.408939
15268297,43046775,Private room,,Asheville,11,5.0,2,1.0,66.0,,35.585465,-82.54916,2017-03-10 19:16:11.402511
1076053,2726966,Private room,,Asheville,86,5.0,2,1.0,65.0,,35.576162,-82.605811,2017-03-10 19:16:11.399707
15583818,98348819,Private room,,Asheville,6,5.0,2,1.0,80.0,,35.527286,-82.52584,2017-03-10 19:16:11.387496
5890497,21879072,Private room,,Asheville,52,5.0,2,1.0,65.0,,35.58868,-82.611657,2017-03-10 19:16:11.379446
4917118,19257625,Private room,,Asheville,101,5.0,2,1.0,65.0,,35.607747,-82.559902,2017-03-10 19:16:10.611014
15599108,100533783,Private room,,Asheville,6,4.5,2,1.0,80.0,,35.558384,-82.511256,2017-03-10 19:16:10.605600
14884461,34480315,Private room,,Asheville,14,5.0,2,1.0,65.0,,35.603855,-82.546131,2017-03-10 19:16:10.595459
4276630,22201910,Private room,,Asheville,48,4.5,2,1.0,79.0,,35.606096,-82.566012,2017-03-10 19:16:10.592238
17603978,69093606,Private room,,Asheville,0,0.0,3,2.0,62.0,,35.574846,-82.58479,2017-03-10 19:16:10.588486
13556933,78069256,Private room,,Asheville,34,5.0,2,1.0,65.0,,35.636287,-82.539859,2017-03-10 19:16:10.584570
17551065,15708987,Private room,,Asheville,0,0.0,2,1.0,65.0,,35.565512,-82.52268,2017-03-10 19:16:10.582467
16006278,20263361,Private room,,Formerly ETJ,2,0.0,2,1.0,75.0,,35.572366,-82.629557,2017-03-10 19:16:10.580420
1054757,5199086,Private room,,Asheville,131,5.0,2,1.0,60.0,,35.581892,-82.546734,2017-03-10 19:16:10.576433
13521844,12553390,Private room,,Asheville,8,4.5,2,1.0,75.0,,35.588889,-82.556977,2017-03-10 19:16:10.573155
17271023,10663229,Private room,,Asheville,0,0.0,2,1.0,62.0,,35.592172,-82.574536,2017-03-10 19:16:09.405657
10366140,10216494,Private room,,Asheville,48,5.0,2,1.0,75.0,,35.608573,-82.558395,2017-03-10 19:16:09.389392
4129119,21420468,Private room,,Asheville,181,5.0,2,1.0,68.0,,35.6154,-82.555199,2017-03-10 19:16:09.386395
14715823,31470010,Private room,,Asheville,13,5.0,4,1.0,62.0,,35.583381,-82.515163,2017-03-10 19:16:09.383589
2847157,12866312,Private room,,Asheville,145,5.0,2,1.0,70.0,,35.582298,-82.55773,2017-03-10 19:16:09.378257
9826677,1330459,Private room,,Asheville,51,5.0,2,1.0,75.0,,35.567196,-82.618233,2017-03-10 19:16:09.376038
16060869,36518892,Private room,,Asheville,12,5.0,2,1.0,79.0,,35.61129,-82.555163,2017-03-10 19:16:09.373068
12615474,43046775,Private room,,Asheville,16,5.0,2,1.0,65.0,,35.585087,-82.55122,2017-03-10 19:16:09.369990
7676458,40309465,Private room,,Asheville,10,4.5,2,1.0,75.0,,35.579777,-82.593513,2017-03-10 19:16:09.365757
2691057,13773106,Private room,,Asheville,61,5.0,2,1.0,65.0,,35.575293,-82.595286,2017-03-10 19:16:09.363021
13432061,65522713,Private room,,Asheville,22,5.0,2,1.0,75.0,,35.592171,-82.545614,2017-03-10 19:16:09.360708
15355010,3677108,Private room,,Asheville,12,5.0,2,1.0,80.0,,35.604776,-82.55606,2017-03-10 19:16:09.356667
6818139,7625694,Private room,,Asheville,153,5.0,2,1.0,79.0,,35.591325,-82.551006,2017-03-10 19:16:09.354430
1219374,1286364,Private room,,Asheville,19,5.0,5,1.0,70.0,,35.606215,-82.565693,2017-03-10 19:16:09.351190
14737870,91795856,Private room,,Formerly ETJ,22,5.0,4,1.0,65.0,,35.532053,-82.623865,2017-03-10 19:16:08.113723
11440752,59243961,Private room,,Asheville,42,5.0,2,1.0,65.0,,35.564805,-82.518457,2017-03-10 19:16:08.106066
16829872,52245132,Private room,,Asheville,2,0.0,2,1.0,75.0,,35.633908,-82.535996,2017-03-10 19:16:08.103568
13617638,78848973,Private room,,Asheville,41,5.0,2,1.0,61.0,,35.597372,-82.563749,2017-03-10 19:16:08.100890
1116718,6128731,Private room,,Asheville,24,4.5,4,1.0,70.0,,35.576273,-82.586865,2017-03-10 19:16:08.098188
6698737,29622653,Private room,,Asheville,116,5.0,2,1.0,66.0,,35.575506,-82.593142,2017-03-10 19:16:08.095514
7367841,38605852,Private room,,Formerly ETJ,134,5.0,2,1.0,65.0,,35.540808,-82.513783,2017-03-10 19:16:08.092524
6805663,8363482,Private room,,Asheville,58,5.0,2,1.0,78.0,,35.567441,-82.618699,2017-03-10 19:16:08.090111
7966916,14686944,Private room,,Asheville,69,5.0,3,1.0,75.0,,35.571693,-82.588463,2017-03-10 19:16:08.081716
17206606,64607524,Private room,,Asheville,0,0.0,2,1.0,75.0,,35.612179,-82.569621,2017-03-10 19:16:08.077749
4183263,21702976,Private room,,Asheville,170,5.0,2,1.0,65.0,,35.603631,-82.551718,2017-03-10 19:16:08.072607
10360188,1137761,Private room,,Asheville,56,5.0,2,1.0,74.0,,35.601149,-82.558503,2017-03-10 19:16:08.069086
14547745,3875569,Private room,,Asheville,27,5.0,2,1.0,80.0,,35.58455,-82.536108,2017-03-10 19:16:07.372162
15083470,73734820,Private room,,Formerly ETJ,31,5.0,3,1.0,60.0,,35.609588,-82.597063,2017-03-10 19:16:07.369566
8051829,42522378,Private room,,Asheville,37,4.5,2,1.0,65.0,,35.594307,-82.604307,2017-03-10 19:16:07.366772
7556089,37942362,Private room,,Asheville,17,5.0,3,2.0,74.0,,35.572229,-82.599927,2017-03-10 19:16:07.362971
8841337,46300912,Private room,,Asheville,41,5.0,2,1.0,70.0,,35.572564,-82.603298,2017-03-10 19:16:07.359418
14652591,46663867,Private room,,Asheville,20,5.0,2,1.0,70.0,,35.58388,-82.498547,2017-03-10 19:16:07.357383
16267550,106302016,Private room,,Asheville,16,4.5,4,1.0,74.0,,35.572711,-82.61429,2017-03-10 19:16:07.355196
1325364,7193579,Private room,,Asheville,168,5.0,2,1.0,75.0,,35.578275,-82.588915,2017-03-10 19:16:07.352496
2295996,7535860,Private room,,Asheville,266,5.0,2,1.0,71.0,,35.602065,-82.558854,2017-03-10 19:16:07.344783
16627563,30073217,Private room,,Asheville,5,5.0,2,1.0,75.0,,35.588731,-82.559113,2017-03-10 19:16:07.339744
10700627,47803024,Private room,,Asheville,19,5.0,2,1.0,65.0,,35.581572,-82.57058,2017-03-10 19:16:07.334571
16810083,84799065,Private room,,Asheville,12,5.0,3,1.0,69.0,,35.573986,-82.558487,2017-03-10 19:16:07.331112
10632884,54888484,Private room,,Asheville,69,5.0,2,1.0,62.0,,35.574247,-82.557847,2017-03-10 19:16:07.328109
942934,5100332,Private room,,Asheville,256,5.0,2,1.0,62.0,,35.573117,-82.590923,2017-03-10 19:16:07.325145
1827412,7625694,Private room,,Asheville,221,4.5,2,1.0,79.0,,35.592236,-82.551199,2017-03-10 19:16:07.322131
8654108,5686055,Private room,,Asheville,75,4.5,1,1.0,60.0,,35.586352,-82.550135,2017-03-10 19:16:07.319004
7001662,19159885,Private room,,Asheville,182,5.0,4,1.0,75.0,,35.569374,-82.53219,2017-03-10 19:16:07.314226
2296152,7535860,Private room,,Asheville,378,5.0,2,1.0,73.0,,35.604025,-82.561007,2017-03-10 19:16:07.311160
4304358,637074,Private room,,Asheville,17,4.5,2,1.0,60.0,,35.58734,-82.503007,2017-03-10 19:16:06.129851
13345957,75624183,Private room,,Formerly ETJ,9,5.0,2,1.0,60.0,,35.603717,-82.611362,2017-03-10 19:16:05.064707
15453360,6705868,Private room,,Formerly ETJ,0,0.0,1,1.0,50.0,,35.515486,-82.595766,2017-03-10 19:16:05.051557
12425483,8631226,Private room,,Asheville,14,4.5,2,1.0,55.0,,35.584494,-82.46119,2017-03-10 19:16:05.048341
13924283,10238283,Private room,,Asheville,18,5.0,2,1.0,60.0,,35.571947,-82.58458,2017-03-10 19:16:05.038899
1661502,1321332,Private room,,Asheville,1,0.0,1,1.0,44.0,,35.574358,-82.598545,2017-03-10 19:16:05.034860
16384751,106333993,Private room,,Asheville,1,0.0,2,1.0,60.0,,35.583685,-82.607926,2017-03-10 19:16:05.031828
12190423,65522713,Private room,,Asheville,19,5.0,2,1.0,49.0,,35.590879,-82.545572,2017-03-10 19:16:05.026213
3575037,18001156,Private room,,Asheville,19,5.0,2,1.0,50.0,,35.575816,-82.571875,2017-03-10 19:16:05.023692
13236835,64318627,Private room,,Asheville,13,5.0,2,1.0,60.0,,35.58669,-82.59909,2017-03-10 19:16:05.020678
12122743,11931132,Private room,,Asheville,0,0.0,2,1.0,44.0,,35.560803,-82.51291,2017-03-10 19:16:03.698310
761414,1098412,Private room,,Asheville,9,5.0,2,2.0,55.0,,35.583138,-82.597217,2017-03-10 19:16:03.695663
2283071,4836597,Private room,,Asheville,26,4.5,1,1.0,50.0,,35.578162,-82.603148,2017-03-10 19:16:03.690825
8192328,18693643,Private room,,Asheville,80,4.5,3,1.0,57.0,,35.55708,-82.532581,2017-03-10 19:16:03.685545
4363562,124885,Private room,,Asheville,31,5.0,2,1.0,54.0,,35.613548,-82.55445,2017-03-10 19:16:03.681260
13216889,8552617,Private room,,Asheville,11,4.5,1,1.0,52.0,,35.642343,-82.530828,2017-03-10 19:16:03.678825
5685113,29468279,Private room,,Asheville,39,5.0,2,1.0,60.0,,35.596549,-82.569878,2017-03-10 19:16:03.675740
3821004,473131,Private room,,Formerly ETJ,53,4.0,2,1.0,50.0,,35.597213,-82.597502,2017-03-10 19:16:03.673228
257865,1356526,Private room,,Asheville,42,4.5,2,1.0,60.0,,35.493804,-82.527886,2017-03-10 19:16:03.670148
751963,3920284,Private room,,Asheville,24,5.0,4,2.0,48.0,,35.578052,-82.583418,2017-03-10 19:16:03.667122
7612231,37087591,Private room,,Asheville,39,5.0,2,1.0,58.0,,35.63071,-82.57153,2017-03-10 19:16:02.237009
7895827,29185580,Private room,,Asheville,70,5.0,2,1.0,60.0,,35.576633,-82.592545,2017-03-10 19:16:02.228781
2142139,5564999,Private room,,Asheville,31,5.0,2,1.0,55.0,,35.586918,-82.574962,2017-03-10 19:16:02.219006
15174291,52695441,Private room,,Asheville,2,0.0,2,1.0,60.0,,35.54601,-82.622681,2017-03-10 19:16:02.215809
1577750,8386107,Private room,,Asheville,101,5.0,2,1.0,49.0,,35.559811,-82.535627,2017-03-10 19:16:02.206301
15817222,57405998,Private room,,Asheville,7,5.0,2,1.0,45.0,,35.585243,-82.608977,2017-03-10 19:16:02.202307
17571141,111138118,Private room,,Asheville,0,0.0,3,1.0,57.0,,35.581462,-82.480398,2017-03-10 19:16:02.199867
6571452,2208876,Private room,,Asheville,48,5.0,2,1.0,55.0,,35.592141,-82.554675,2017-03-10 19:16:00.816012
6576184,2208876,Private room,,Asheville,26,5.0,2,1.0,55.0,,35.591583,-82.554404,2017-03-10 19:16:00.812794
7148635,2208876,Private room,,Asheville,26,5.0,2,1.0,55.0,,35.592595,-82.552644,2017-03-10 19:16:00.807967
17568216,7625694,Private room,,Asheville,0,0.0,1,1.0,59.0,,35.591265,-82.549422,2017-03-10 19:16:00.804141
7116152,16698602,Private room,,Asheville,88,5.0,2,1.0,60.0,,35.574094,-82.544637,2017-03-10 19:16:00.801140
6303415,2208876,Private room,,Asheville,45,5.0,2,1.0,55.0,,35.592997,-82.554412,2017-03-10 19:16:00.797411
13258995,21460086,Private room,,Asheville,8,4.5,2,1.0,45.0,,35.59548,-82.511612,2017-03-10 19:16:00.792943
563189,1353021,Private room,,Asheville,131,4.5,2,1.0,60.0,,35.573981,-82.544878,2017-03-10 19:16:00.790311
8656299,1834585,Private room,,Asheville,81,5.0,2,1.0,49.0,,35.575879,-82.624218,2017-03-10 19:16:00.784163
13251709,73994689,Private room,,Asheville,45,5.0,2,1.0,55.0,,35.604202,-82.569541,2017-03-10 19:16:00.781779
6600986,9462156,Private room,,Asheville,35,5.0,2,1.0,55.0,,35.579942,-82.576159,2017-03-10 19:16:00.778343
15437202,98990072,Private room,,Formerly ETJ,11,5.0,2,1.0,50.0,,35.564969,-82.484291,2017-03-10 19:16:00.775957
13260157,21460086,Private room,,Asheville,15,5.0,2,1.0,45.0,,35.59691,-82.511839,2017-03-10 19:15:59.531371
8085716,37087591,Private room,,Asheville,47,4.5,2,1.0,58.0,,35.631135,-82.57205,2017-03-10 19:15:59.526540
8030058,33652614,Private room,,Asheville,9,5.0,2,1.0,47.0,,35.574973,-82.587505,2017-03-10 19:15:59.523785
3521019,5046816,Private room,,Asheville,55,5.0,4,1.0,54.0,,35.552451,-82.634252,2017-03-10 19:15:59.521463
13359588,75624183,Private room,,Formerly ETJ,21,5.0,2,1.0,60.0,,35.603215,-82.610037,2017-03-10 19:15:59.519128
3781780,19403133,Private room,,Asheville,71,5.0,2,1.0,45.0,,35.575886,-82.589675,2017-03-10 19:15:59.516459
15705581,4543970,Private room,,Asheville,2,0.0,2,1.0,59.0,,35.601726,-82.561743,2017-03-10 19:15:59.512198
8782463,11246730,Private room,,Asheville,83,4.5,4,1.0,44.0,,35.60654,-82.543434,2017-03-10 19:15:59.509281
5873862,30501147,Private room,,Asheville,123,5.0,2,1.0,50.0,,35.579983,-82.594591,2017-03-10 19:15:59.504404
17649597,28002273,Private room,,Asheville,0,0.0,2,1.0,50.0,,35.578475,-82.614996,2017-03-10 19:15:59.502429
16742264,57405998,Private room,,Asheville,0,0.0,2,1.0,50.0,,35.58405,-82.607076,2017-03-10 19:15:59.500444
16997036,43374163,Private room,,Formerly ETJ,5,4.0,2,0.0,44.0,,35.552427,-82.510308,2017-03-10 19:15:59.494749
7045303,6676667,Private room,,Asheville,32,5.0,2,1.0,60.0,,35.57816,-82.603235,2017-03-10 19:15:58.276484
15677037,21039179,Private room,,Asheville,23,5.0,2,1.0,50.0,,35.559785,-82.515471,2017-03-10 19:15:58.273632
2192480,6705868,Private room,,Formerly ETJ,12,5.0,1,1.0,55.0,,35.517492,-82.594158,2017-03-10 19:15:58.266329
7403286,16698602,Private room,,Asheville,105,5.0,2,1.0,60.0,,35.574022,-82.544026,2017-03-10 19:15:58.263173
1493307,7981022,Private room,,Asheville,50,5.0,2,1.0,58.0,,35.573333,-82.574407,2017-03-10 19:15:58.260224
15230720,96812198,Private room,,Asheville,29,5.0,3,1.0,48.0,,35.606511,-82.55889,2017-03-10 19:15:58.257540
1702227,5199086,Private room,,Asheville,150,5.0,2,1.0,59.0,,35.582647,-82.549004,2017-03-10 19:15:58.248033
213006,1098412,Private room,,Asheville,70,5.0,2,2.0,55.0,,35.583454,-82.597132,2017-03-10 19:15:58.239563
3403609,17164920,Private room,,Asheville,138,5.0,2,1.0,58.0,,35.574865,-82.62286,2017-03-10 19:15:58.236391
2254521,546222,Private room,,Asheville,28,4.5,2,1.0,57.0,,35.568928,-82.568342,2017-03-10 19:15:57.528924
17476061,113604576,Private room,,Asheville,0,0.0,4,2.0,54.0,,35.592666,-82.567496,2017-03-10 19:15:57.526863
14450544,409920,Private room,,Asheville,1,0.0,2,1.0,47.0,,35.608597,-82.553185,2017-03-10 19:15:57.524259
14400238,78194146,Private room,,Asheville,29,5.0,2,1.0,60.0,,35.588912,-82.56607,2017-03-10 19:15:57.522053
5537769,28402689,Private room,,Asheville,167,5.0,2,1.0,60.0,,35.636555,-82.536641,2017-03-10 19:15:57.512672
15900891,102353689,Private room,,Asheville,9,4.5,2,1.0,45.0,,35.474473,-82.520839,2017-03-10 19:15:57.510066
17591050,119510171,Private room,,Asheville,0,0.0,4,1.0,55.0,,35.612169,-82.551356,2017-03-10 19:15:57.505135
6135386,2208876,Private room,,Asheville,49,5.0,2,1.0,55.0,,35.592965,-82.552641,2017-03-10 19:15:57.500498
6170347,32013434,Private room,,Asheville,100,5.0,2,1.0,52.0,,35.55061,-82.534805,2017-03-10 19:15:57.497351
16859151,23032871,Private room,,Asheville,3,5.0,2,1.0,55.0,,35.484186,-82.526555,2017-03-10 19:15:57.493289
14295265,15474239,Private room,,Asheville,13,5.0,2,1.0,53.0,,35.498959,-82.528293,2017-03-10 19:15:56.727799
13209712,73994689,Private room,,Asheville,34,5.0,2,1.0,55.0,,35.605822,-82.570463,2017-03-10 19:15:56.723947
6880952,30160587,Private room,,Asheville,124,5.0,2,1.0,45.0,,35.563388,-82.509889,2017-03-10 19:15:56.721337
12281167,3562687,Private room,,Asheville,1,0.0,2,1.0,46.0,,35.604272,-82.547814,2017-03-10 19:15:56.718668
15969444,9603562,Private room,,Asheville,16,5.0,2,1.0,44.0,,35.584883,-82.613248,2017-03-10 19:15:56.715655
15859281,12987820,Private room,,Asheville,12,5.0,2,1.0,55.0,,35.599579,-82.563933,2017-03-10 19:15:56.712764
14466985,89153937,Private room,,Asheville,40,4.5,2,1.0,45.0,,35.559752,-82.61199,2017-03-10 19:15:56.709880
4464909,1834623,Private room,,Asheville,111,5.0,2,1.0,54.0,,35.528049,-82.525971,2017-03-10 19:15:56.706937
12599311,487495,Private room,,Asheville,116,5.0,2,1.0,50.0,,35.584647,-82.591182,2017-03-10 19:15:56.700868
6145162,7625694,Private room,,Asheville,80,5.0,1,1.0,49.0,,35.590577,-82.550136,2017-03-10 19:15:56.697937
9382487,21039179,Private room,,Asheville,74,5.0,2,1.0,50.0,,35.557819,-82.517474,2017-03-10 19:15:56.695414
10221570,27120946,Private room,,Asheville,68,5.0,1,1.0,49.0,,35.563269,-82.521373,2017-03-10 19:15:56.692763
695196,3552264,Private room,,Asheville,548,4.5,2,1.0,49.0,,35.580375,-82.557801,2017-03-10 19:15:56.687109
1138179,6243494,Private room,,Asheville,0,0.0,4,1.0,35.0,,35.586275,-82.604283,2017-03-10 19:15:55.745017
4288329,22263182,Private room,,Asheville,4,4.0,2,1.0,35.0,,35.551215,-82.529496,2017-03-10 19:15:55.741655
3522532,4846203,Entire home/apt,,Asheville,133,5.0,3,0.0,80.0,,35.580124,-82.607114,2017-03-10 19:17:16.535172
1955727,10108575,Entire home/apt,,Asheville,135,5.0,4,2.0,80.0,,35.60379,-82.547717,2017-03-10 19:17:16.528672
14011745,2718902,Entire home/apt,,Asheville,24,5.0,2,0.0,75.0,,35.592586,-82.510278,2017-03-10 19:17:16.522774
14203513,3578821,Entire home/apt,,Asheville,47,5.0,3,1.0,75.0,,35.595343,-82.619071,2017-03-10 19:17:16.515587
5506704,28561358,Entire home/apt,,Asheville,41,5.0,3,0.0,75.0,,35.568091,-82.606393,2017-03-10 19:17:16.512588
3945733,20447538,Entire home/apt,,Asheville,176,4.5,3,0.0,68.0,,35.610526,-82.555817,2017-03-10 19:17:16.509299
15685101,16261203,Entire home/apt,,Asheville,23,5.0,2,0.0,65.0,,35.570331,-82.529945,2017-03-10 19:17:16.506721
14824098,18061874,Entire home/apt,,Asheville,20,5.0,4,0.0,78.0,,35.568289,-82.587677,2017-03-10 19:17:16.503711
8362668,23163164,Entire home/apt,,Asheville,102,5.0,4,1.0,70.0,,35.576338,-82.599437,2017-03-10 19:17:15.191895
1332684,2799158,Entire home/apt,,Asheville,239,4.5,3,1.0,63.0,,35.5834,-82.591261,2017-03-10 19:17:15.189254
353092,1788071,Entire home/apt,,Asheville,297,5.0,4,1.0,72.0,,35.582171,-82.599968,2017-03-10 19:17:15.184209
1571095,8345942,Entire home/apt,,Asheville,6,5.0,2,0.0,75.0,,35.573399,-82.538475,2017-03-10 19:17:15.181046
17364692,4314310,Entire home/apt,,Asheville,2,0.0,4,0.0,68.0,,35.575068,-82.535152,2017-03-10 19:17:15.171836
11061388,8069240,Entire home/apt,,Asheville,86,5.0,2,0.0,74.0,,35.575708,-82.619392,2017-03-10 19:17:15.168649
15124397,15582281,Entire home/apt,,Asheville,25,5.0,2,1.0,79.0,,35.574796,-82.534574,2017-03-10 19:17:15.163029
13108582,996829,Entire home/apt,,Asheville,18,5.0,4,2.0,69.0,,35.575188,-82.545386,2017-03-10 19:17:15.160580
12068190,34112754,Entire home/apt,,Asheville,67,5.0,2,0.0,67.0,,35.574512,-82.5871,2017-03-10 19:17:15.157441
15647883,98245203,Entire home/apt,,Asheville,27,5.0,2,0.0,75.0,,35.577039,-82.578279,2017-03-10 19:17:15.153306
273534,1178227,Entire home/apt,,Formerly ETJ,88,5.0,2,1.0,68.0,,35.55294,-82.489951,2017-03-10 19:17:15.150581
16559799,45138420,Entire home/apt,,Formerly ETJ,9,5.0,2,0.0,75.0,,35.55069,-82.514302,2017-03-10 19:17:15.148157
13386987,1335315,Entire home/apt,,Asheville,75,4.5,2,1.0,70.0,,35.550282,-82.533071,2017-03-10 19:17:15.145664
9562953,7835259,Entire home/apt,,Asheville,2,0.0,6,3.0,48.0,,35.605758,-82.543669,2017-03-10 19:17:14.253043
4394670,22813406,Entire home/apt,,Asheville,61,5.0,4,1.0,52.0,,35.635945,-82.53366,2017-03-10 19:17:14.249241
15204868,20583452,Entire home/apt,,Asheville,18,5.0,4,1.0,59.0,,35.57139,-82.548384,2017-03-10 19:17:12.892888
6234618,32351091,Entire home/apt,,Asheville,73,5.0,2,1.0,45.0,,35.582153,-82.610862,2017-03-10 19:17:12.885196
4394761,20447538,Entire home/apt,,Asheville,79,5.0,4,1.0,51.0,,35.612435,-82.557237,2017-03-10 19:17:12.874631
4320996,22434578,Entire home/apt,,Asheville,197,5.0,2,0.0,41.0,,35.587134,-82.490454,2017-03-10 19:17:12.867325
13372056,18599073,Entire home/apt,,Asheville,47,5.0,4,1.0,60.0,,35.581488,-82.602814,2017-03-10 19:17:12.864731
9807236,15952144,Private room,,Asheville,0,0.0,1,1.0,28.0,,35.611784,-82.558246,2017-03-10 19:15:55.717335
16186167,48579050,Private room,,Asheville,3,5.0,2,1.0,40.0,,35.484021,-82.527887,2017-03-10 19:15:55.706484
17116786,8422681,Private room,,Asheville,0,0.0,2,1.0,40.0,,35.570262,-82.575456,2017-03-10 19:15:54.501735
11739534,62453469,Private room,,Asheville,0,0.0,2,1.0,40.0,,35.621041,-82.548128,2017-03-10 19:15:54.499396
10635789,21702831,Private room,,Asheville,52,5.0,4,1.0,25.0,,35.565565,-82.510143,2017-03-10 19:15:54.493541
17560770,4952065,Private room,,Formerly ETJ,0,0.0,2,1.0,20.0,,35.611147,-82.587772,2017-03-10 19:15:54.488435
13333648,75479549,Private room,,Asheville,0,0.0,3,1.0,30.0,,35.549807,-82.522301,2017-03-10 19:15:54.485281
12644206,68674029,Private room,,Asheville,0,0.0,1,1.0,25.0,,35.569945,-82.571067,2017-03-10 19:15:54.472849
16324188,29169488,Private room,,Asheville,8,5.0,2,1.0,40.0,,35.581878,-82.591268,2017-03-10 19:15:54.470606
9734148,5686055,Private room,,Asheville,31,4.5,2,1.0,40.0,,35.586733,-82.550577,2017-03-10 19:15:54.468282
16193923,8305724,Private room,,Asheville,11,5.0,2,1.0,39.0,,35.57321,-82.577277,2017-03-10 19:15:54.466193
16751357,111138118,Private room,,Asheville,9,5.0,4,1.0,40.0,,35.582889,-82.480722,2017-03-10 19:15:54.463920
16984015,1522870,Private room,,Asheville,7,5.0,2,1.0,40.0,,35.604464,-82.501864,2017-03-10 19:15:54.461844
15757654,101872826,Private room,,Asheville,1,0.0,1,1.0,30.0,,35.53106,-82.518899,2017-03-10 19:15:54.459396
9884274,7981022,Private room,,Asheville,58,5.0,1,1.0,37.0,,35.57074,-82.571204,2017-03-10 19:15:54.457231
15206480,12778299,Private room,,Formerly ETJ,12,5.0,2,1.0,35.0,,35.551529,-82.508016,2017-03-10 19:15:53.704580
16282581,15474239,Private room,,Asheville,4,5.0,2,1.0,35.0,,35.501999,-82.526715,2017-03-10 19:15:53.701695
14357005,61661019,Private room,,Asheville,46,5.0,3,1.0,38.0,,35.572184,-82.585818,2017-03-10 19:15:53.698536
1970542,10175050,Private room,,Asheville,0,0.0,2,1.0,32.0,,35.540415,-82.528845,2017-03-10 19:15:53.695344
16794735,110056403,Private room,,Asheville,5,5.0,3,1.0,40.0,,35.582576,-82.619817,2017-03-10 19:15:53.693146
653777,1353021,Private room,,Asheville,78,5.0,1,1.0,40.0,,35.571363,-82.542401,2017-03-10 19:15:53.690438
12290379,21702831,Private room,,Asheville,48,5.0,6,1.0,25.0,,35.565606,-82.508716,2017-03-10 19:15:53.680083
17124352,110533742,Private room,,Asheville,1,0.0,2,1.0,35.0,,35.583067,-82.610505,2017-03-10 19:15:53.677878
15755683,7625694,Private room,,Asheville,1,0.0,1,1.0,25.0,,35.590565,-82.549897,2017-03-10 19:15:53.675624
1861419,1321332,Private room,,Asheville,47,5.0,1,1.0,30.0,,35.572206,-82.597685,2017-03-10 19:15:53.662231
15450160,99104836,Private room,,Asheville,46,5.0,2,1.0,25.0,,35.541663,-82.529965,2017-03-10 19:15:53.656308
13429651,19159885,Private room,,Asheville,119,5.0,2,1.0,40.0,,35.569171,-82.531745,2017-03-10 19:15:52.881134
